"",电影名称,电影类型,导演,主演,评价人数,评分,国家/地区,年代
0,肖申克的救赎 The Shawshank Redemption,犯罪 / 剧情,弗兰克·德拉邦特,蒂姆·罗宾斯 / 摩根·弗里曼 / 鲍勃·冈顿,2287002,9.7,美国,20世纪90年代
1,霸王别姬,剧情 / 爱情 / 同性,陈凯歌,张国荣 / 张丰毅 / 巩俐,1696629,9.6,中国大陆/中国香港,20世纪90年代
2,控方证人 Witness for the Prosecution,剧情 / 犯罪 / 悬疑,比利·怀德,泰隆·鲍华 / 玛琳·黛德丽 / 查尔斯·劳顿,349205,9.6,美国,20世纪50年代
3,阿甘正传 Forrest Gump,剧情 / 爱情,罗伯特·泽米吉斯,汤姆·汉克斯 / 罗宾·怀特 / 加里·西尼斯,1720186,9.5,美国,20世纪90年代
4,美丽人生 La vita è bella,剧情 / 喜剧 / 爱情 / 战争,罗伯托·贝尼尼,罗伯托·贝尼尼 / 尼可莱塔·布拉斯基 / 乔治·坎塔里尼,1061862,9.5,意大利,20世纪90年代
5,辛德勒的名单 Schindler's List,剧情 / 历史 / 战争,史蒂文·斯皮尔伯格,连姆·尼森 / 本·金斯利 / 拉尔夫·费因斯,877859,9.5,美国,20世纪90年代
6,这个杀手不太冷 Léon,剧情 / 动作 / 犯罪,吕克·贝松,让·雷诺 / 娜塔莉·波特曼 / 加里·奥德曼,1901732,9.4,法国/美国,20世纪90年代
7,十二怒汉 12 Angry Men,剧情,西德尼·吕美特,亨利·方达 / 马丁·鲍尔萨姆 / 约翰·菲德勒,367151,9.4,美国,20世纪50年代
8,灿烂人生 La meglio gioventù,剧情 / 爱情 / 家庭,马可·图利奥·吉奥达纳,路易吉·洛·卡肖 / 阿莱西奥·博尼 / 索尼娅·贝加马斯科,49440,9.4,意大利,21世纪00年代
9,盗梦空间 Inception,剧情 / 科幻 / 悬疑 / 冒险,克里斯托弗·诺兰,莱昂纳多·迪卡普里奥 / 约瑟夫·高登-莱维特 / 艾利奥特·佩吉,1667588,9.3,美国/英国,21世纪10年代
10,教父 The Godfather,剧情 / 犯罪,弗朗西斯·福特·科波拉,马龙·白兰度 / 阿尔·帕西诺 / 詹姆斯·肯恩,746647,9.3,美国,20世纪70年代
11,乱世佳人 Gone with the Wind,剧情 / 历史 / 爱情 / 战争,维克多·弗莱明 / 乔治·库克 / 山姆·伍德,费雯·丽 / 克拉克·盖博 / 奥利维娅·德哈维兰,548983,9.3,美国,20世纪30年代
12,城市之光 City Lights,喜剧 / 剧情 / 爱情,查理·卓别林,查理·卓别林 / 弗吉尼亚·切瑞尔 / 佛罗伦斯·李,105683,9.3,美国,20世纪30年代
13,末代皇帝 The Last Emperor,剧情 / 传记 / 历史,贝纳尔多·贝托鲁奇,尊龙 / 陈冲 / 邬君梅,630007,9.3,英国/意大利/中国大陆/法国,20世纪80年代
14,地下 Подземље,剧情 / 战争,埃米尔·库斯图里卡,米基·马诺伊洛维奇 / 拉扎尔·里斯托夫斯基 / 米里亚娜·约科维奇,43722,9.2,南斯拉夫/法国/德国/保加利亚/捷克/匈牙利/英国/美国,20世纪90年代
15,洞 Le trou,犯罪 / 剧情 / 惊悚,雅克·贝克,马克·米歇尔 / 吉恩·凯乐蒂 / 菲利普·勒鲁瓦,37815,9.2,法国/意大利,20世纪60年代
16,海上钢琴师 La leggenda del pianista sull'oceano,剧情 / 音乐,朱塞佩·托纳多雷,蒂姆·罗斯 / 普路特·泰勒·文斯 / 比尔·努恩,1356076,9.3,意大利,20世纪90年代
17,三傻大闹宝莱坞 3 Idiots,剧情 / 喜剧 / 爱情 / 歌舞,拉吉库马尔·希拉尼,阿米尔·汗 / 卡琳娜·卡普尔 / 马达范,1521208,9.2,印度,21世纪00年代
18,放牛班的春天 Les choristes,剧情 / 音乐,克里斯托夫·巴拉蒂,热拉尔·朱尼奥 / 弗朗索瓦·贝莱昂 / 凯德·麦拉德,1054935,9.3,法国/瑞士/德国,21世纪00年代
19,搏击俱乐部 Fight Club,剧情 / 动作 / 悬疑 / 惊悚,大卫·芬奇,爱德华·诺顿 / 布拉德·皮特 / 海伦娜·伯翰·卡特,686045,9.0,美国/德国/意大利,20世纪90年代
20,忠犬八公的故事 Hachi: A Dog's Tale,剧情,拉斯·霍尔斯道姆,理查·基尔 / 萨拉·罗默尔 / 琼·艾伦,1142613,9.4,美国/英国,21世纪00年代
21,天堂电影院 Nuovo Cinema Paradiso,剧情 / 爱情,朱塞佩·托纳多雷,菲利普·努瓦雷 / 雅克·贝汉 / 马克·莱昂纳蒂,511470,9.2,意大利/法国,20世纪80年代
22,"两杆大烟枪 Lock, Stock and Two Smoking Barrels",剧情 / 喜剧 / 犯罪,盖·里奇,杰森·弗莱明 / 德克斯特·弗莱彻 / 尼克·莫兰,483041,9.1,英国,20世纪90年代
23,鬼子来了,剧情 / 喜剧,姜文,姜文 / 香川照之 / 袁丁,491394,9.3,中国大陆,21世纪00年代
24,小鞋子 بچههای آسمان,剧情 / 儿童 / 家庭,马基德·马基迪,法拉赫阿米尔·哈什米安 / 默罕默德·阿米尔·纳吉 / 巴哈丽·西迪奇,321585,9.2,伊朗,20世纪90年代
25,七武士 七人の侍,动作 / 冒险 / 剧情,黑泽明,三船敏郎 / 志村乔 / 津岛惠子,151544,9.3,日本,20世纪50年代
26,摩登时代 Modern Times,剧情 / 喜剧 / 爱情,查理·卓别林,查理·卓别林 / 宝莲·高黛 / 亨利·伯格曼,228109,9.3,美国,20世纪30年代
27,"黄金三镖客 Il buono, il brutto, il cattivo.",冒险 / 西部,赛尔乔·莱昂内,克林特·伊斯特伍德 / 埃里·瓦拉赫 / 李·范·克里夫,93876,9.2,意大利/西班牙/西德,20世纪60年代
28,东京物语 東京物語,剧情 / 家庭,小津安二郎,笠智众 / 原节子 / 杉村春子,104590,9.2,日本,20世纪50年代
29,熊的故事 L'ours,剧情,让-雅克·阿诺,巴特熊 / Youk the Bear / 切基·卡尤,24317,9.1,法国/美国,20世纪80年代
30,生活多美好 It's a Wonderful Life,剧情 / 爱情 / 奇幻,弗兰克·卡普拉,詹姆斯·斯图尔特 / 唐娜·里德 / 莱昂纳尔·巴里摩尔,68626,9.3,美国,20世纪40年代
31,茶馆,剧情 / 历史,谢添,于是之 / 郑榕 / 蓝天野,63716,9.5,中国大陆,20世纪80年代
32,寻子遇仙记 The Kid,剧情 / 喜剧 / 家庭,查理·卓别林,查理·卓别林 / 卡尔·米勒 / 艾德娜·珀薇安丝,33126,9.2,美国,20世纪20年代
33,天堂回信,剧情 / 儿童,王君正,石晨 / 李丁 / 肖雄,25501,9.1,中国大陆,20世纪90年代
34,海蒂和爷爷 Heidi,剧情 / 冒险 / 家庭,阿兰·葛斯彭纳,阿努克·斯特芬 / 布鲁诺·冈茨 / 昆林·艾格匹,349460,9.2,德国/瑞士/南非,21世纪10年代
35,哀乐中年 哀樂中年,剧情 / 爱情 / 家庭,桑弧,石挥 / 朱嘉琛 / 沈扬,10274,9.2,中国大陆,20世纪40年代
36,无言的山丘 無言的山丘,剧情 / 历史,王童,杨贵媚 / 黄品源 / 澎恰恰,10567,9.2,中国台湾,20世纪90年代
37,切腹,剧情 / 动作 / 悬疑,小林正树,仲代达矢 / 石浜朗 / 岩下志麻,28929,9.3,日本,20世纪60年代
38,指环王3：王者无敌 The Lord of the Rings: The Return of the King,剧情 / 动作 / 奇幻 / 冒险,彼得·杰克逊,伊利亚·伍德 / 西恩·奥斯汀 / 维果·莫腾森,603805,9.2,美国/新西兰,21世纪00年代
39,飞越疯人院 One Flew Over the Cuckoo's Nest,剧情,米洛斯·福尔曼,杰克·尼科尔森 / 丹尼·德维托 / 克里斯托弗·洛伊德,463226,9.1,美国,20世纪70年代
40,触不可及 Intouchables,剧情 / 喜剧,奥利维埃·纳卡什 / 埃里克·托莱达诺,弗朗索瓦·克鲁塞 / 奥玛·希 / 安娜·勒尼,793588,9.2,法国,21世纪10年代
41,窃听风暴 Das Leben der Anderen,剧情 / 悬疑,弗洛里安·亨克尔·冯·多纳斯马尔克,乌尔里希·穆埃 / 马蒂娜·格德克 / 塞巴斯蒂安·科赫,448638,9.2,德国,21世纪00年代
42,教父2 The Godfather: Part Ⅱ,剧情 / 犯罪,弗朗西斯·福特·科波拉,阿尔·帕西诺 / 罗伯特·杜瓦尔 / 黛安·基顿,418075,9.2,美国,20世纪70年代
43,美国往事 Once Upon a Time in America,犯罪 / 剧情,赛尔乔·莱昂内,罗伯特·德尼罗 / 詹姆斯·伍兹 / 伊丽莎白·麦戈文,330530,9.2,美国/意大利,20世纪80年代
44,虎口脱险 La grande vadrouille,喜剧 / 战争,热拉尔·乌里,路易·德·菲奈斯 / 布尔维尔 / 克劳迪奥·布鲁克,189102,8.9,法国/英国,20世纪60年代
45,追随 Following,犯罪 / 悬疑 / 惊悚,克里斯托弗·诺兰,杰里米·西奥伯德 / 亚历克斯·霍 / 露西·拉塞尔,147642,8.9,英国,20世纪90年代
46,爱·回家 집으로...,剧情 / 家庭,李廷香,金艺芬 / 俞承豪 / 童孝熙,73495,9.1,韩国,21世纪00年代
47,我爱你 그대를 사랑합니다,剧情 / 爱情,秋昌旼,宋在浩 / 李顺载 / 尹秀晶,128120,9.1,韩国,21世纪10年代
48,忠犬八公物语 ハチ公物語,剧情,神山征二郎,山本圭 / 井川比佐志 / 片桐入,150434,9.2,日本,20世纪80年代
49,我的父亲，我的儿子 Babam ve Oğlum,剧情 / 家庭,查恩·厄尔马克,切邓·泰肯多尔 / 菲克雷特·库斯坎 / 休姆拉,16918,9.0,土耳其,21世纪00年代
50,卡比利亚之夜 Le notti di Cabiria,剧情,费德里科·费里尼,朱丽叶塔·马西纳 / 弗朗索瓦·佩里埃 / 弗兰卡·马尔齐,26710,9.1,意大利/法国,20世纪50年代
51,鳄鱼波鞋走天涯 The Cure,剧情 / 儿童,彼得·霍顿,布拉德·兰弗洛 / 约瑟夫·梅泽罗 / 安娜贝拉·莎拉,14182,9.1,美国,20世纪90年代
52,泰坦尼克号 Titanic,剧情 / 爱情 / 灾难,詹姆斯·卡梅隆,莱昂纳多·迪卡普里奥 / 凯特·温丝莱特 / 比利·赞恩,1681334,9.4,美国,20世纪90年代
53,天使爱美丽 Le fabuleux destin d'Amélie Poulain,喜剧 / 爱情,让-皮埃尔·热内,奥黛丽·塔图 / 马修·卡索维茨 / 吕菲斯,830266,8.7,法国/德国,21世纪00年代
54,罗马假日 Roman Holiday,喜剧 / 剧情 / 爱情,威廉·惠勒,奥黛丽·赫本 / 格利高里·派克 / 埃迪·艾伯特,776034,9.0,美国,20世纪50年代
55,楚门的世界 The Truman Show,剧情 / 科幻,彼得·威尔,金·凯瑞 / 劳拉·琳妮 / 艾德·哈里斯,1252939,9.3,美国,20世纪90年代
56,音乐之声 The Sound of Music,剧情 / 传记 / 爱情 / 歌舞,罗伯特·怀斯,朱莉·安德鲁斯 / 克里斯托弗·普卢默 / 埃琳诺·帕克,475804,9.1,美国,20世纪60年代
57,大话西游之大圣娶亲 西遊記大結局之仙履奇緣,喜剧 / 爱情 / 奇幻 / 古装,刘镇伟,周星驰 / 吴孟达 / 朱茵,1224538,9.2,中国香港/中国大陆,20世纪90年代
58,活着,剧情 / 历史 / 家庭,张艺谋,葛优 / 巩俐 / 姜武,645837,9.3,中国大陆/中国香港,20世纪90年代
59,钢琴家 The Pianist,剧情 / 传记 / 战争 / 音乐,罗曼·波兰斯基,艾德里安·布洛迪 / 托马斯·克莱舒曼 / 艾米莉娅·福克斯,433994,9.2,英国/法国/波兰/德国/美国,21世纪00年代
60,被嫌弃的松子的一生 嫌われ松子の一生,剧情 / 歌舞,中岛哲也,中谷美纪 / 永山瑛太 / 香川照之,586251,8.9,日本,21世纪00年代
61,上帝之城 Cidade de Deus,犯罪 / 剧情,费尔南多·梅里尔斯 / 卡迪亚·兰德,亚历桑德雷·罗德里格斯 / 莱安德鲁·菲尔米诺 / 菲利佩·哈根森,247327,9.0,巴西/法国,21世纪00年代
62,一一,剧情 / 爱情 / 家庭,杨德昌,吴念真 / 李凯莉 / 金燕玲,282512,9.0,中国台湾/日本,21世纪00年代
63,雨中曲 Singin' in the Rain,喜剧 / 歌舞 / 爱情,斯坦利·多南 / 吉恩·凯利,吉恩·凯利 / 唐纳德·奥康纳 / 黛比·雷诺斯,165136,9.0,美国,20世纪50年代
64,完美的世界 A Perfect World,剧情 / 犯罪,克林特·伊斯特伍德,凯文·科斯特纳 / 劳拉·邓恩 / 克林特·伊斯特伍德,218371,9.1,美国,20世纪90年代
65,伴我同行 Stand by Me,剧情 / 儿童 / 冒险,罗伯·莱纳,瑞凡·菲尼克斯 / 威尔·惠顿 / 科里·费尔德曼,89726,8.9,美国,20世纪80年代
66,大独裁者 The Great Dictator,喜剧 / 剧情 / 战争,查理·卓别林,查理·卓别林 / 宝莲·高黛 / 杰克·奥克,58128,9.1,美国,20世纪40年代
67,雾中风景 Τοπίο στην ομίχλη,剧情,西奥·安哲罗普洛斯,米哈利斯·齐克 / 塔尼娅·帕拉依奥罗葛 / 斯特拉托斯·楚措格卢,31520,8.9,希腊/法国/意大利,20世纪80年代
68,沉静如海 Le silence de la mer,剧情 / 爱情 / 战争,皮埃尔·布特龙,朱莉·德拉姆 / 米歇尔·加拉布吕 / 托马斯·儒阿特,56786,9.2,法国/比利时,21世纪00年代
69,听见天堂 Rosso come il cielo,剧情,克里斯蒂亚诺·博尔托内,Francesco Campobasso / 卢卡·卡普里奥蒂 / 马可·科奇,29419,8.9,意大利,21世纪00年代
70,大路 La strada,剧情,费德里科·费里尼,安东尼·奎恩 / 朱丽叶塔·马西纳 / 理查德·贝斯哈特,31877,9.0,意大利,20世纪50年代
71,爱情短片 Krótki film o miłości,剧情 / 爱情,克日什托夫·基耶斯洛夫斯基,格拉日娜·沙波沃夫斯卡 / 奥拉夫·卢巴申科 / 斯特凡尼亚·伊文斯卡,20302,8.8,波兰,20世纪80年代
72,回归 Возвращение,剧情 / 家庭,安德烈·萨金塞夫,弗拉迪米尔·加林 / 伊万·杜布朗拉沃夫 / 康斯坦丁·拉夫罗年科,21633,8.7,俄罗斯,21世纪00年代
73,淘金记 The Gold Rush,喜剧 / 爱情 / 西部 / 冒险,查理·卓别林,查理·卓别林 / 马克·斯旺 / 汤姆·默里,41310,9.2,美国,20世纪20年代
74,乡愁 Ностальгия,剧情,安德烈·塔可夫斯基,奥列格·扬科夫斯基 / 厄兰·约瑟夫森 / 多美兹亚娜·佐丹奴,24590,9.1,苏联/意大利,20世纪80年代
75,从海底出击 Das Boot,剧情 / 历史 / 战争 / 冒险,沃尔夫冈·彼德森,尤尔根·普洛斯诺 / 赫贝特·格勒内梅厄 / Klaus Wennemann,30667,9.1,西德,20世纪80年代
76,镜子 Зеркало,传记 / 剧情 / 历史 / 战争,安德烈·塔可夫斯基,玛格丽特·捷列霍娃 / 因诺肯季·斯莫克图诺夫斯基 / 奥列格·扬科夫斯基,20314,9.0,苏联,20世纪70年代
77,神女,剧情,吴永刚,阮玲玉 / 黎铿 / 章志直,21699,9.0,中国大陆,20世纪30年代
78,生之欲 生きる,剧情,黑泽明,志村乔 / 日守新一 / 田中春男,26353,9.2,日本,20世纪50年代
79,让子弹飞,剧情 / 喜剧 / 动作 / 西部,姜文,姜文 / 葛优 / 周润发,1284742,8.8,中国大陆/中国香港,21世纪10年代
80,当幸福来敲门 The Pursuit of Happyness,剧情 / 传记 / 家庭,加布里埃莱·穆奇诺,威尔·史密斯 / 贾登·史密斯 / 坦迪·牛顿,1222381,9.1,美国,21世纪00年代
81,怦然心动 Flipped,剧情 / 喜剧 / 爱情,罗伯·莱纳,玛德琳·卡罗尔 / 卡兰·麦克奥利菲 / 瑞贝卡·德·莫妮,1439030,9.1,美国,21世纪10年代
82,闻香识女人 Scent of a Woman,剧情,马丁·布莱斯特,阿尔·帕西诺 / 克里斯·奥唐纳 / 詹姆斯·瑞布霍恩,679264,9.1,美国,20世纪90年代
83,大话西游之月光宝盒 西遊記第壹佰零壹回之月光寶盒,喜剧 / 爱情 / 奇幻 / 古装,刘镇伟,周星驰 / 吴孟达 / 罗家英,973924,9.0,中国香港/中国大陆,20世纪90年代
84,低俗小说 Pulp Fiction,剧情 / 喜剧 / 犯罪,昆汀·塔伦蒂诺,约翰·特拉沃尔塔 / 乌玛·瑟曼 / 阿曼达·普拉莫,660034,8.9,美国,20世纪90年代
85,美丽心灵 A Beautiful Mind,传记 / 剧情,朗·霍华德,罗素·克劳 / 艾德·哈里斯 / 詹妮弗·康纳利,603508,9.0,美国,21世纪00年代
86,指环王1：魔戒再现 The Lord of the Rings: The Fellowship of the Ring,剧情 / 动作 / 奇幻 / 冒险,彼得·杰克逊,伊利亚·伍德 / 西恩·奥斯汀 / 伊恩·麦克莱恩,618568,9.0,新西兰/美国,21世纪00年代
87,死亡诗社 Dead Poets Society,剧情,彼得·威尔,罗宾·威廉姆斯 / 罗伯特·肖恩·莱纳德 / 伊桑·霍克,552277,9.1,美国,20世纪80年代
88,指环王2：双塔奇兵 The Lord of the Rings: The Two Towers,剧情 / 动作 / 奇幻 / 冒险,彼得·杰克逊,伊利亚·伍德 / 西恩·奥斯汀 / 多米尼克·莫纳汉,551512,9.1,美国/新西兰,21世纪00年代
89,阳光姐妹淘 써니,剧情 / 喜剧,姜炯哲,沈恩京 / 闵孝琳 / 姜素拉,495135,8.8,韩国,21世纪10年代
90,爱在黎明破晓前 Before Sunrise,剧情 / 爱情,理查德·林克莱特,伊桑·霍克 / 朱莉·德尔佩 / 安德莉亚·埃克特,489150,8.8,美国/奥地利/瑞士,20世纪90年代
91,再见我们的幼儿园 さよならぼくたちのようちえん,剧情,水田伸生,芦田爱菜 / 满岛光 / 桥本智哉,107042,8.8,日本,21世纪10年代
92,菊次郎的夏天 菊次郎の夏,剧情 / 喜剧,北野武,北野武 / 关口雄介 / 岸本加世子,449674,8.8,日本,20世纪90年代
93,碧海蓝天 Le grand bleu,剧情 / 爱情,吕克·贝松,让-马克·巴尔 / 让·雷诺 / 罗姗娜·阿奎特,132481,8.7,法国/美国/意大利,20世纪80年代
94,荒野生存 Into the Wild,冒险 / 传记 / 剧情,西恩·潘,埃米尔·赫斯基 / 马西娅·盖伊·哈登 / 威廉·赫特,186650,8.6,美国,21世纪00年代
95,勇士 Warrior,剧情 / 运动 / 家庭,加文·欧康诺,汤姆·哈迪 / 乔尔·埃哲顿 / 尼克·诺特,136311,8.9,美国,21世纪10年代
96,浪潮 Die Welle,剧情 / 惊悚,丹尼斯·甘塞尔,于尔根·福格尔 / 弗雷德里克·劳 / 马克思·雷迈特,220865,8.7,德国,21世纪00年代
97,梦之安魂曲 Requiem for a Dream,剧情,达伦·阿伦诺夫斯基,艾伦·伯斯汀 / 杰瑞德·莱托 / 詹妮弗·康纳利,170509,8.7,美国,21世纪00年代
98,自闭历程 Temple Grandin,剧情 / 传记,米克·杰克逊,克莱尔·丹妮丝 / 朱莉娅·奥蒙德 / 凯瑟琳·欧哈拉,58484,8.9,美国,21世纪10年代
99,地球上的星星 Taare Zameen Par,剧情 / 儿童 / 家庭,阿米尔·汗,达席尔·萨法瑞 / 阿米尔·汗 / 塔奈·切赫达,167432,8.9,印度,21世纪00年代
100,与狼共舞 Dances with Wolves,剧情 / 西部 / 冒险,凯文·科斯特纳,凯文·科斯特纳 / 玛丽·麦克唐纳 / 格雷厄姆·格林,71843,8.9,美国/英国,20世纪90年代
101,我是山姆 I Am Sam,剧情 / 家庭,杰茜·尼尔森,西恩·潘 / 达科塔·范宁 / 米歇尔·菲佛,248428,8.9,美国,21世纪00年代
102,迷墙 Pink Floyd The Wall,剧情 / 动画 / 奇幻,艾伦·帕克,鲍勃·吉尔道夫 / Christine Hargreaves / James Laurenson,43920,8.8,英国,20世纪80年代
103,小情人 แฟนฉัน,儿童 / 喜剧,威特查·戈杰乌 / 颂裕·素玛戈南 / 尼提瓦·塔拉吞 / 维塔亚·东俞扬 / 埃迪森·特斯利卡森 / 孔里特·契威摩,查理·瑞纳 / 霍嘉丝·芝华顾 / Charwin Jitsomboon,56793,8.6,泰国,21世纪00年代
104,惊魂记 Psycho,悬疑 / 惊悚 / 恐怖,阿尔弗雷德·希区柯克,安东尼·博金斯 / 维拉·迈尔斯 / 约翰·加文,198138,9.0,美国,20世纪60年代
105,四百击 Les quatre cents coups,犯罪 / 剧情,弗朗索瓦·特吕弗,让-皮埃尔·利奥德 / 克莱尔·莫里耶 / 阿尔贝·雷米,82284,8.8,法国,20世纪50年代
106,上帝也疯狂2 The Gods Must Be Crazy II,喜剧,加美·尤伊斯,历苏 / Lena Farugia / Hans Strydom,51883,8.8,南非/博茨瓦纳,20世纪80年代
107,偷自行车的人 Ladri di biciclette,犯罪 / 剧情,维托里奥·德西卡,兰贝托·马乔拉尼 / 恩佐·斯泰奥拉 / 莉安拉·卡雷尔,72546,9.0,意大利,20世纪40年代
108,无人知晓 誰も知らない,剧情,是枝裕和,柳乐优弥 / 北浦爱 / 木村飞影,228388,9.1,日本,21世纪00年代
109,天佑鲍比 Prayers for Bobby,剧情 / 传记 / 同性,拉塞尔·穆卡希,西格妮·韦弗 / 亨利·科泽尼 / 瑞恩·凯利,42494,8.9,美国,21世纪00年代
110,"德州巴黎 Paris, Texas",剧情,维姆·文德斯,哈利·戴恩·斯坦通 / 娜塔莎·金斯基 / 迪恩·斯托克维尔,41952,8.6,英国/法国/美国/西德,20世纪80年代
111,步履不停 歩いても 歩いても,剧情 / 家庭,是枝裕和,阿部宽 / 夏川结衣 / 江原由希子,210337,8.8,日本,21世纪00年代
112,金色池塘 On Golden Pond,剧情 / 家庭,马克·雷戴尔,凯瑟琳·赫本 / 亨利·方达 / 简·方达,22305,8.8,英国/美国,20世纪80年代
113,刺猬的优雅 Le hérisson,剧情,莫娜·阿查切,若西安·巴拉斯科 / 佳朗丝·勒·吉耶米克 / 伊川东吾,104707,8.8,法国/意大利,21世纪00年代
114,暴雨将至 Пред дождот,剧情 / 战争,米尔科·曼彻夫斯基,格莱戈尔·科林  / Dzemail Maksut / 拉宾娜·米特威斯卡,23658,8.7,北马其顿/法国/英国,20世纪90年代
115,因父之名 In the Name of the Father,传记 / 剧情,吉姆·谢里丹,丹尼尔·戴-刘易斯 / 皮特·波斯尔思韦特 / 约翰·林奇,32312,8.8,爱尔兰/英国/美国,20世纪90年代
116,影武者,剧情 / 历史 / 战争,黑泽明,仲代达矢 / 山崎努 / 萩原健一,53049,9.0,日本/美国,20世纪80年代
117,童年往事,剧情 / 传记 / 家庭,侯孝贤,游安顺 / 田丰 / 梅芳,40758,8.8,中国台湾,20世纪80年代
118,永远的三丁目的夕阳 ALWAYS 三丁目の夕日,剧情 / 家庭,山崎贵,吉冈秀隆 / 堤真一 / 药师丸博子,34196,8.8,日本,21世纪00年代
119,永恒和一日 Μια αιωνιότητα και μια μερα,剧情,西奥·安哲罗普洛斯,布鲁诺·冈茨 / 伊莎贝拉·雷纳德 / 法布里齐奥·本蒂沃利奥,23693,9.1,法国/意大利/希腊/德国,20世纪90年代
120,独立时代 獨立時代,剧情,杨德昌,陈湘琪 / 王柏森 / 邓安宁,27421,8.8,中国台湾,20世纪90年代
121,楢山节考 楢山節考,剧情 / 家庭,今村昌平,绪形拳 / 坂本澄子 / 左顿平,34564,9.0,日本,20世纪80年代
122,芬妮与亚历山大 Fanny och Alexander,剧情,英格玛·伯格曼,克里斯蒂娜·阿道夫森 / 伯杰·阿斯特 / 佩妮娜·奥威,14464,8.8,法国/瑞典/西德,20世纪80年代
123,卡萨布兰卡 Casablanca,剧情 / 爱情 / 战争,迈克尔·柯蒂兹,亨弗莱·鲍嘉 / 英格丽·褒曼 / 保罗·亨雷德,186896,8.7,美国,20世纪40年代
124,鲁冰花 魯冰花,家庭 / 剧情,杨立国,黄坤玄 / 李淑桢 / 张瑞竹,13393,8.8,中国台湾,20世纪80年代
125,我的九月,剧情 / 儿童,尹力,张萌 / 张国立 / 陶泽如,9103,8.7,中国大陆,20世纪90年代
126,乌龟也会飞 لاک پشت ها هم پرواز می کنند,剧情 / 战争,巴赫曼·戈巴迪,Soran Ebrahim / Avaz Latif,7359,8.8,伊朗/法国/伊拉克,21世纪00年代
127,毕加索的奇异旅程 Picassos äventyr,喜剧,泰治·丹尼尔森,约斯塔·埃克曼 / 汉斯·阿尔弗莱德森 / 玛格丽塔·克罗克,5292,8.7,瑞典,20世纪70年代
128,假面 Persona,剧情 / 惊悚,英格玛·伯格曼,毕比·安德松 / 丽芙·乌曼 / 玛格丽塔·克罗克,19368,8.8,瑞典,20世纪60年代
129,呼喊与细语 Viskningar och rop,剧情 / 爱情,英格玛·伯格曼,哈里特·安德森 / 卡莉·西尔万 / 英格丽·图林,19219,8.7,瑞典,20世纪70年代
130,大都会 Metropolis,剧情 / 科幻,弗里茨·朗,阿弗莱德·阿贝尔 / 古斯塔夫·佛力施 / 布里吉特·赫尔姆,31219,9.1,德国,20世纪20年代
131,烈日灼人 Утомлённые солнцем,剧情 / 历史,尼基塔·米哈尔科夫,欧列格·缅希科夫 / 尼基塔·米哈尔科夫 / 茵格保加·达坤耐特,15111,8.6,俄罗斯/法国,20世纪90年代
132,伴你高飞 Fly Away Home,冒险 / 剧情 / 家庭,卡罗尔·巴拉德,安娜·帕奎因 / 杰夫·丹尼尔斯 / 达娜·德拉尼,36855,8.9,美国,20世纪90年代
133,阿凡达 Avatar,动作 / 科幻 / 冒险,詹姆斯·卡梅隆,萨姆·沃辛顿 / 佐伊·索尔达娜 / 西格妮·韦弗,1041042,8.7,美国/英国,21世纪00年代
134,情书 Love Letter,剧情 / 爱情,岩井俊二,中山美穗 / 丰川悦司 / 酒井美纪,717366,8.9,日本,20世纪90年代
135,剪刀手爱德华 Edward Scissorhands,剧情 / 奇幻 / 爱情,蒂姆·波顿,约翰尼·德普 / 薇诺娜·瑞德 / 黛安·韦斯特,876470,8.7,美国,20世纪90年代
136,勇敢的心 Braveheart,动作 / 传记 / 剧情 / 历史 / 战争,梅尔·吉布森,梅尔·吉布森 / 苏菲·玛索 / 布莱恩·考克斯,479718,8.9,美国,20世纪90年代
137,七宗罪 Se7en,剧情 / 犯罪 / 悬疑 / 惊悚,大卫·芬奇,摩根·弗里曼 / 布拉德·皮特 / 凯文·史派西,771558,8.8,美国,20世纪90年代
138,入殓师 おくりびと,剧情,泷田洋二郎,本木雅弘 / 广末凉子 / 山崎努,473728,8.9,日本,21世纪00年代
139,大鱼 Big Fish,剧情 / 家庭 / 奇幻 / 冒险,蒂姆·波顿,伊万·麦克格雷格 / 阿尔伯特·芬尼 / 比利·克鲁德普,460811,8.8,美国,21世纪00年代
140,无间道 無間道,剧情 / 犯罪 / 悬疑,刘伟强 / 麦兆辉,刘德华 / 梁朝伟 / 黄秋生,1013642,9.2,中国香港,21世纪00年代
141,岁月神偷 歲月神偷,剧情 / 家庭,罗启锐,吴君如 / 任达华 / 钟绍图,492001,8.7,中国香港/中国大陆,21世纪10年代
142,阳光灿烂的日子,剧情 / 爱情,姜文,夏雨 / 宁静 / 陶虹,495217,8.8,中国大陆/中国香港,20世纪90年代
143,射雕英雄传之东成西就 射鵰英雄傳之東成西就,喜剧 / 奇幻 / 武侠 / 古装,刘镇伟,梁朝伟 / 林青霞 / 张国荣,517120,8.7,中国香港,20世纪90年代
144,致命魔术 The Prestige,剧情 / 悬疑 / 惊悚,克里斯托弗·诺兰,休·杰克曼 / 克里斯蒂安·贝尔 / 迈克尔·凯恩,684301,8.9,英国/美国,21世纪00年代
145,燃情岁月 Legends of the Fall,剧情 / 爱情 / 战争 / 西部,爱德华·兹威克,布拉德·皮特 / 安东尼·霍普金斯 / 艾丹·奎因,234375,8.8,美国,20世纪90年代
146,告白,剧情 / 悬疑,中岛哲也,松隆子 / 冈田将生 / 木村佳乃,572379,8.7,日本,21世纪10年代
147,蝙蝠侠：黑暗骑士 The Dark Knight,剧情 / 动作 / 科幻 / 犯罪 / 惊悚,克里斯托弗·诺兰,克里斯蒂安·贝尔 / 希斯·莱杰 / 艾伦·艾克哈特,831028,9.2,美国/英国,21世纪00年代
148,第六感 The Sixth Sense,剧情 / 悬疑 / 惊悚,M·奈特·沙马兰,布鲁斯·威利斯 / 海利·乔·奥斯蒙 / 托妮·科莱特,436672,8.9,美国,20世纪90年代
149,海盗电台 The Boat That Rocked,剧情 / 喜剧 / 音乐,理查德·柯蒂斯,比尔·奈伊 / 肯尼思·布拉纳 / 菲利普·塞默·霍夫曼,215089,8.6,英国/德国/法国,21世纪00年代
150,爱在日落黄昏时 Before Sunset,剧情 / 爱情,理查德·林克莱特,伊桑·霍克 / 朱莉·德尔佩 / 弗农·多布切夫,408895,8.8,美国/法国,21世纪00年代
151,魂断蓝桥 Waterloo Bridge,剧情 / 爱情 / 战争,茂文·勒鲁瓦,费雯·丽 / 罗伯特·泰勒 / 露塞尔·沃特森,222359,8.8,美国,20世纪40年代
152,燕尾蝶 スワロウテイル,犯罪 / 剧情,岩井俊二,恰拉 / 伊藤步 / 三上博史,138703,8.7,日本,20世纪90年代
153,教父3 The Godfather: Part III,剧情 / 犯罪,弗朗西斯·福特·科波拉,阿尔·帕西诺 / 黛安·基顿 / 塔莉娅·夏尔,278900,8.9,美国,20世纪90年代
154,罗生门 羅生門,剧情 / 犯罪 / 悬疑,黑泽明,三船敏郎 / 京町子 / 森雅之,243731,8.8,日本,20世纪50年代
155,饮食男女 飲食男女,剧情 / 家庭,李安,郎雄 / 杨贵媚 / 吴倩莲,464207,9.1,中国台湾/美国,20世纪90年代
156,巴黎淘气帮 Le petit Nicolas,儿童 / 喜剧 / 家庭,洛朗·蒂拉尔,马克西姆·戈达尔 / 瓦莱丽·勒梅西埃 / 凯德·麦拉德,122268,8.6,法国/比利时,21世纪00年代
157,牯岭街少年杀人事件 牯嶺街少年殺人事件,剧情 / 犯罪,杨德昌,张震 / 杨静怡 / 张国柱,207026,8.9,中国台湾,20世纪90年代
158,上帝也疯狂 The Gods Must Be Crazy,喜剧,加美·尤伊斯,Marius Weyers / Sandra Prinsloo / 历苏,125970,8.7,南非/博茨瓦纳,20世纪80年代
159,中央车站 Central do Brasil,剧情,沃尔特·塞勒斯,费尔兰德·蒙特纳哥 / 马里利娅·佩拉 / 文尼西斯·狄·奥利维拉,91106,8.7,巴西/法国,20世纪90年代
160,卢旺达饭店 Hotel Rwanda,剧情 / 传记 / 历史 / 战争,特瑞·乔治,唐·钱德尔 / 苏菲·奥康内多 / 华金·菲尼克斯,244406,8.9,英国/南非/意大利,21世纪00年代
161,莫扎特传 Amadeus,剧情 / 传记 / 历史 / 音乐,米洛斯·福尔曼,F·默里·亚伯拉罕 / 汤姆·休斯克 / 伊丽莎白·贝里奇,86437,8.7,美国/法国/捷克斯洛伐克/意大利,20世纪80年代
162,再见列宁 Good Bye Lenin!,剧情 / 喜剧,沃尔夫冈·贝克 ,丹尼尔·布鲁赫 / 卡特琳·萨斯 / 丘尔潘·哈马托娃,71478,8.8,德国,21世纪00年代
163,天伦之旅 Everybody's Fine,剧情 / 家庭,柯克·琼斯,罗伯特·德尼罗 / 凯特·贝金赛尔 / 山姆·洛克威尔,81727,8.6,美国,21世纪00年代
164,穿条纹睡衣的男孩 The Boy in the Striped Pajamas,剧情 / 战争,马克·赫尔曼,阿萨·巴特菲尔德 / 维拉·法米加 / 卡拉·霍根,405237,9.1,英国/美国,21世纪00年代
165,布达佩斯之恋 Gloomy Sunday - Ein Lied von Liebe und Tod,爱情 / 剧情,诺夫·舒贝尔,艾丽卡·莫露珊 / 约阿希姆·克罗尔 / 斯特法诺·迪奥尼斯,70885,8.6,德国/匈牙利,20世纪90年代
166,蓝白红三部曲之红 Trois couleurs: Rouge,剧情 / 爱情 / 悬疑,克日什托夫·基耶斯洛夫斯基,伊莲娜·雅各布 / 让-路易·特兰蒂尼昂 / 弗雷德里奎·费德,92416,8.7,法国/波兰/瑞士,20世纪90年代
167,跳出我天地 Billy Elliot,剧情 / 儿童 / 歌舞 / 家庭,史蒂芬·戴德利,杰米·贝尔 / 朱丽·沃特斯 / 杰米·德拉文,85301,8.8,英国/法国,21世纪00年代
168,不一样的天空 What's Eating Gilbert Grape,剧情 / 爱情 / 家庭,拉斯·霍尔斯道姆,约翰尼·德普 / 莱昂纳多·迪卡普里奥 / 朱丽叶特·刘易斯,120208,8.6,美国,20世纪90年代
169,奇爱博士 Dr. Strangelove or: How I Learned to Stop Worrying and Love the Bomb,剧情 / 喜剧 / 战争,斯坦利·库布里克,彼得·塞勒斯 / 乔治·C·斯科特 / 斯特林·海登,72195,8.8,美国/英国,20世纪60年代
170,芙蓉镇,剧情 / 爱情,谢晋,刘晓庆 / 姜文 / 郑在石,88491,9.2,中国大陆,20世纪80年代
171,沙漠之花 Desert Flower,剧情 / 传记,雪莉·霍曼,Soraya Omar-Scego / Idriss Abdillahi Houfaneh / Awa Saïd Darar,84938,8.7,英国/德国/奥地利/法国,21世纪00年代
172,热天午后 Dog Day Afternoon,剧情 / 喜剧 / 犯罪,西德尼·吕美特,阿尔·帕西诺 / 约翰·凯泽尔 / 查尔斯·德恩,65479,8.7,美国,20世纪70年代
173,野草莓 Smultronstället,剧情 / 爱情 / 家庭,英格玛·伯格曼,维克多·斯约斯特洛姆 / 毕比·安德松 / 英格丽·图林,45364,8.7,瑞典,20世纪50年代
174,城南旧事,剧情,吴贻弓,沈洁 / 张丰毅 / 张闽,78497,9.0,中国大陆,20世纪80年代
175,办公室的故事 Служебный Роман,剧情 / 喜剧 / 爱情,埃利达尔·梁赞诺夫,阿丽萨·弗雷因德利赫 / 安德烈·米亚赫科夫 / 斯维特拉娜·涅莫利亚耶娃,17345,8.8,苏联,20世纪70年代
176,刺杀肯尼迪 JFK,传记 / 剧情 / 历史 / 悬疑 / 惊悚,奥利佛·斯通,凯文·科斯特纳 / 茜茜·斯派塞克 / 汤米·李·琼斯,28456,8.8,美国/法国,20世纪90年代
177,爱犬的奇迹 マリと子犬の物語,剧情 / 儿童,猪股隆一,船越英一郎 / 松本明子 / 广田亮平,11259,8.7,日本,21世纪00年代
178,桥 Мост,动作 / 战争,哈伊鲁丁·克尔瓦瓦茨,韦利米尔·巴塔·日沃伊诺维奇 / 斯洛博丹·佩罗维奇 / 鲍里斯·德沃尔尼克,18500,8.8,南斯拉夫,20世纪60年代
179,邮差 Il postino,传记 / 喜剧 / 剧情 / 爱情,迈克尔·莱德福 / 马西莫·特洛伊西,菲利普·努瓦雷 / 马西莫·特洛伊西 / 玛丽亚·格拉齐亚·库奇诺塔,16130,8.8,意大利/法国/比利时,20世纪90年代
180,西部往事 C'era una volta il West,剧情 / 犯罪 / 西部,赛尔乔·莱昂内,亨利·方达 / 查尔斯·布朗森 / 克劳迪娅·卡汀娜,38063,8.7,意大利/美国,20世纪60年代
181,天堂的颜色 رنگ خدا,剧情 / 家庭,马基德·马基迪,侯赛因·马哈古 / Mohsen Ramezani / Salameh Feyzi,11453,8.7,伊朗,20世纪90年代
182,秋刀鱼之味 秋刀魚の味,剧情 / 家庭,小津安二郎,笠智众 / 岩下志麻 / 冈田茉莉子,34039,8.7,日本,20世纪60年代
183,南海十三郎,剧情 / 传记 / 爱情,高志森,谢君豪 / 潘灿良 / 苏玉华,35295,9.2,中国香港,20世纪90年代
184,史崔特先生的故事 The Straight Story,冒险 / 传记 / 剧情,大卫·林奇,茜茜·斯派塞克 / Jane Galloway Heitz / Joseph A. Carpenter,23087,8.5,法国/英国/美国,20世纪90年代
185,虎豹小霸王 Butch Cassidy and the Sundance Kid,冒险 / 犯罪 / 剧情 / 西部,乔治·罗伊·希尔,保罗·纽曼 / 罗伯特·雷德福 / 凯瑟琳·罗斯,15854,8.6,美国,20世纪60年代
186,艾美的世界 Amy,剧情 / 音乐,纳迪娅·塔斯,艾拉娜·德·罗玛 / 瑞切尔·格里菲斯 / 本·门德尔森,5681,8.6,澳大利亚,20世纪90年代
187,甜蜜的生活 La Dolce Vita,剧情 / 喜剧,费德里科·费里尼,马塞洛·马斯楚安尼 / 安妮塔·艾克伯格 / 阿努克·艾梅,21112,8.6,意大利/法国,20世纪60年代
188,悲惨世界 Les misérables,剧情,让-保罗·勒沙努瓦,让·迦本 / 布尔维尔 / 费尔南·勒杜,7262,8.8,法国/意大利/东德,20世纪50年代
189,蝴蝶效应 The Butterfly Effect,剧情 / 悬疑 / 科幻 / 惊悚,埃里克·布雷斯 / J·麦基·格鲁伯,阿什顿·库彻 / 梅洛拉·沃尔特斯 / 艾米·斯马特,740928,8.8,美国/加拿大,21世纪00年代
190,沉默的羔羊 The Silence of the Lambs,剧情 / 犯罪 / 惊悚,乔纳森·戴米,朱迪·福斯特 / 安东尼·霍普金斯 / 斯科特·格伦,676516,8.9,美国,20世纪90年代
191,重庆森林 重慶森林,剧情 / 爱情,王家卫,林青霞 / 金城武 / 梁朝伟,630818,8.8,中国香港,20世纪90年代
192,黑客帝国 The Matrix,动作 / 科幻,莉莉·沃卓斯基 / 拉娜·沃卓斯基,基努·里维斯 / 劳伦斯·菲什伯恩 / 凯瑞-安·莫斯,634304,9.0,美国/澳大利亚,20世纪90年代
193,甜蜜蜜,剧情 / 爱情,陈可辛,黎明 / 张曼玉 / 杨恭如,414618,8.9,中国香港,20世纪90年代
194,心灵捕手 Good Will Hunting,剧情,格斯·范·桑特,马特·达蒙 / 罗宾·威廉姆斯 / 本·阿弗莱克,557737,8.9,美国,20世纪90年代
195,拯救大兵瑞恩 Saving Private Ryan,剧情 / 战争,史蒂文·斯皮尔伯格,汤姆·汉克斯 / 汤姆·塞兹摩尔 / 爱德华·伯恩斯,513553,9.0,美国,20世纪90年代
196,春光乍泄 春光乍洩,剧情 / 爱情 / 同性,王家卫,张国荣 / 梁朝伟 / 张震,496443,8.9,中国香港/日本/韩国,20世纪90年代
197,撞车 Crash,犯罪 / 剧情,保罗·哈吉斯,桑德拉·布洛克 / 唐·钱德尔 / 马特·狄龙,262658,8.6,美国/德国/澳大利亚,21世纪00年代
198,谍影重重3 The Bourne Ultimatum,动作 / 悬疑 / 惊悚,保罗·格林格拉斯,马特·达蒙 / 朱丽娅·斯蒂尔斯 / 大卫·斯特雷泽恩,341277,8.8,美国/德国,21世纪00年代
199,纵横四海 緃横四海,剧情 / 喜剧 / 动作 / 犯罪,吴宇森,周润发 / 张国荣 / 钟楚红,327007,8.8,中国香港,20世纪90年代
200,英雄本色,剧情 / 动作 / 犯罪,吴宇森,周润发 / 狄龙 / 张国荣,409514,8.7,中国香港,20世纪80年代
201,绿里奇迹 The Green Mile,犯罪 / 剧情 / 奇幻 / 悬疑,弗兰克·德拉邦特,汤姆·汉克斯 / 大卫·摩斯 / 迈克·克拉克·邓肯,235850,8.9,美国,20世纪90年代
202,老爷车 Gran Torino,剧情,克林特·伊斯特伍德,克林特·伊斯特伍德 / 克里斯托弗·卡利 / 比·王,79436,8.6,美国/德国,21世纪00年代
203,想飞的钢琴少年 Vitus,剧情 / 音乐,弗兰迪-M.米偌,Fabrizio Borsani / 泰欧·盖尔基  / Julika Jenkins,27546,8.6,瑞士,21世纪00年代
204,悲情城市,剧情 / 历史,侯孝贤,陈松勇 / 李天禄 / 高捷,60923,8.9,中国台湾,20世纪80年代
205,乱,剧情 / 动作,黑泽明,仲代达矢 / 寺尾聪 / 根津甚八,65483,8.9,日本/法国,20世纪80年代
206,东京塔 東京タワー～オカンとボクと、時々、オトン～,剧情 / 家庭,松冈锭司,小田切让 / 树木希林 / 伊藤步,29122,8.6,日本,21世纪00年代
207,西伯利亚的理发师 Сибирский цирюльник,喜剧 / 剧情 / 爱情,尼基塔·米哈尔科夫,朱莉娅·奥蒙德 / 欧列格·缅希科夫 / 阿列克谢·彼得连科,32367,8.7,俄罗斯/法国/意大利/捷克,20世纪90年代
208,大卫·戈尔的一生 The Life of David Gale,剧情 / 犯罪 / 悬疑,艾伦·帕克,凯文·史派西 / 凯特·温丝莱特 / 劳拉·琳妮,179704,8.6,美国/德国/英国/西班牙,21世纪00年代
209,伊万的童年 Иваново детство,剧情 / 战争,安德烈·塔可夫斯基 / 爱德华·阿巴洛夫,尼古拉·布尔利亚耶夫 / 瓦连京·祖布科夫 / 叶甫盖尼·扎里科夫,24491,8.7,苏联,20世纪60年代
210,日落大道 Sunset Blvd.,剧情 / 黑色电影,比利·怀德,威廉·霍尔登 / 葛洛丽亚·斯旺森 / 埃里克·冯·施特罗海姆,42979,8.7,美国,20世纪50年代
211,战舰波将金号 Броненосец Потёмкин,剧情 / 历史 / 战争,谢尔盖·爱森斯坦,亚历山大·安东诺夫 / 弗拉迪米尔·巴斯基 / 格里高利·亚历山德罗夫,21132,8.6,苏联,20世纪20年代
212,热情如火 Some Like It Hot,喜剧,比利·怀德,玛丽莲·梦露 / 托尼·柯蒂斯 / 杰克·莱蒙,43338,8.9,美国,20世纪50年代
213,两个人的车站 Вокзал для двоих,剧情 / 爱情,埃利达尔·梁赞诺夫,柳德米拉·古尔琴柯 / 奥列格·巴希拉什维利 / 尼基塔·米哈尔科夫,7512,8.6,苏联,20世纪80年代
214,精英部队2：大敌当前 Tropa de Elite 2 - O Inimigo Agora É Outro,剧情 / 动作 / 犯罪 / 惊悚,何塞·帕迪里亚,瓦格纳·马拉 / 安德烈·拉米罗 / 米尔黑·考塔兹,68608,8.7,巴西,21世纪10年代
215,哈利·波特与死亡圣器(下) Harry Potter and the Deathly Hallows: Part 2,奇幻 / 冒险,大卫·叶茨,丹尼尔·雷德克里夫 / 艾玛·沃森 / 鲁伯特·格林特,615811,8.9,美国/英国,21世纪10年代
216,用心棒,剧情 / 动作 / 惊悚,黑泽明,三船敏郎 / 仲代达矢 / 司叶子,33183,8.9,日本,20世纪60年代
217,女人，四十,剧情 / 家庭,许鞍华,萧芳芳 / 乔宏 / 罗家英,35482,8.9,中国香港,20世纪90年代
218,叫我第一名 Front of the Class,剧情 / 传记,彼得·维纳,詹姆斯·沃克 / 特里特·威廉斯 / 多米尼克·斯科特·凯伊,160380,8.6,美国,21世纪00年代
219,熔炉 도가니,剧情,黄东赫,孔刘 / 郑有美 / 金贤秀,746645,9.3,韩国,21世纪10年代
220,卡里加里博士的小屋 Das Cabinet des Dr. Caligari,犯罪 / 悬疑 / 恐怖,罗伯特·维内,维尔纳·克劳斯 / 康拉德·韦特 / 弗里德里希·费赫尔,17371,8.9,德国,20世纪20年代
221,晩春,剧情 / 家庭,小津安二郎,笠智众 / 原节子 / 月丘梦路,17741,8.7,日本,20世纪40年代
222,恐惧的代价 Le salaire de la peur,剧情 / 惊悚 / 冒险,亨利-乔治·克鲁佐,伊夫·蒙当 / 夏尔·瓦内尔 / 彼得·范·埃克,8857,8.7,法国/意大利,20世纪50年代
223,追梦赤子心 Rudy,传记 / 剧情 / 运动,大卫·安斯鲍夫,西恩·奥斯汀 / 乔恩·费儒 / 尼德·巴蒂,44862,8.8,美国,20世纪90年代
224,超脱 Detachment,剧情,托尼·凯耶,艾德里安·布洛迪 / 马西娅·盖伊·哈登 / 詹姆斯·肯恩,383777,8.9,美国,21世纪10年代
225,赛德克·巴莱(上)：太阳旗 賽德克·巴萊(上)太陽旗,剧情 / 历史 / 战争,魏德圣,林庆台 / 游大庆 / 马志翔,85208,8.9,中国台湾,21世纪10年代
226,开罗紫玫瑰 The Purple Rose of Cairo,喜剧 / 爱情 / 奇幻,伍迪·艾伦,米亚·法罗 / 杰夫·丹尼尔斯 / 丹尼·爱罗,29591,8.7,美国,20世纪80年代
227,一次别离 جدایی نادر از سیمین,剧情 / 家庭,阿斯哈·法哈蒂,佩曼·莫阿迪 / 蕾拉·哈塔米 / 萨瑞·巴亚特,213784,8.7,伊朗/法国,21世纪10年代
228,少年派的奇幻漂流 Life of Pi,剧情 / 奇幻 / 冒险,李安,苏拉·沙玛 / 伊尔凡·可汗 / 拉菲·斯波,1119933,9.1,美国/中国台湾/英国/加拿大,21世纪10年代
229,桃色公寓 The Apartment,爱情 / 喜剧 / 剧情,比利·怀德,杰克·莱蒙 / 雪莉·麦克雷恩 / 弗莱德·麦克莫瑞,31849,8.7,美国,20世纪60年代
230,无声婚礼 Nunta Muta,喜剧 / 剧情,霍拉丘·默勒埃莱,梅达·安德列亚·维克托 / 亚历山德鲁·波托切安 / Valentin Teodosiu,11830,8.6,罗马尼亚/卢森堡/法国,21世纪00年代
231,狩猎 Jagten,剧情,托马斯·温特伯格,麦斯·米科尔森 / 托玛斯·博·拉森 / 安妮卡·韦德科普,294427,9.1,丹麦/瑞典,21世纪10年代
232,敲开天堂的门 Knockin' on Heaven's Door,动作 / 犯罪 / 喜剧 / 剧情,托马斯·雅恩,蒂尔·施威格 / 扬·约瑟夫·利费斯 / 蒂埃里·范·维凡客,12903,8.5,德国,20世纪90年代
233,一九零零 Novecento,剧情 / 历史 / 爱情 / 战争,贝纳尔多·贝托鲁奇,罗伯特·德尼罗 / 热拉尔·德帕迪约 / 多米妮克·桑达,7180,8.7,意大利/法国/西德,20世纪70年代
234,将军号 The General,剧情 / 喜剧 / 动作 / 战争 / 冒险,巴斯特·基顿 / 克莱德·布鲁克曼,巴斯特·基顿 / 玛丽昂·马克 / 格伦·卡文德,19424,9.1,美国,20世纪20年代
235,史密斯先生到华盛顿 Mr. Smith Goes to Washington,剧情,弗兰克·卡普拉,詹姆斯·斯图尔特 / 琪恩·亚瑟 / 克劳德·雷恩斯,8822,8.6,美国,20世纪30年代
236,7号房的礼物 7번방의 선물,剧情 / 喜剧 / 家庭,李焕庆,柳承龙 / 朴信惠 / 郑镇荣,428474,8.9,韩国,21世纪10年代
237,爱在午夜降临前 Before Midnight,剧情 / 爱情,理查德·林克莱特,伊桑·霍克 / 朱莉·德尔佩 / 肖姆斯·戴维-菲茨帕特里克,275350,8.8,美国/希腊,21世纪10年代
238,极速风流 Rush,剧情 / 传记 / 运动,朗·霍华德,克里斯·海姆斯沃斯 / 丹尼尔·布鲁赫 / 奥利维亚·王尔德,123609,8.8,英国/德国/美国,21世纪10年代
239,巴比龙 Papillon,剧情 / 传记 / 犯罪,富兰克林·沙夫纳,史蒂夫·麦奎因 / 达斯汀·霍夫曼 / 维克托·乔里,9016,8.7,法国/美国,20世纪70年代
240,电锯惊魂 Saw,悬疑 / 惊悚 / 恐怖,温子仁,雷·沃纳尔 / 加利·艾尔维斯 / 丹尼·格洛弗,409052,8.7,美国,21世纪00年代
241,小城之春,剧情 / 爱情,费穆,李纬 / 韦伟 / 石羽,38635,8.6,中国大陆,20世纪40年代
242,光荣之路 Paths of Glory,剧情 / 战争,斯坦利·库布里克,柯克·道格拉斯 / 拉尔夫·米克 / 阿道夫·门吉欧,37262,9.1,美国,20世纪50年代
243,霹雳五号 Short Circuit,喜剧 / 家庭 / 科幻,约翰·班德汉姆,艾丽·西蒂 / 斯蒂夫·古根伯格 / 费舍·史蒂芬斯,12573,8.6,美国,20世纪80年代
244,黄昏双镖客 Per qualche dollaro in più,西部,赛尔乔·莱昂内,克林特·伊斯特伍德 / 李·范·克里夫 / 吉安·马里亚·沃隆特,33516,8.8,意大利/西班牙/西德,20世纪60年代
245,喜宴 囍宴,剧情 / 喜剧 / 爱情 / 同性 / 家庭,李安,赵文瑄 / 郎雄 / 归亚蕾,269848,8.9,中国台湾/美国,20世纪90年代
246,骗中骗 The Sting,剧情 / 喜剧 / 犯罪,乔治·罗伊·希尔,保罗·纽曼 / 罗伯特·雷德福 / 罗伯特·肖,43375,8.7,美国,20世纪70年代
247,豹 Il gattopardo,剧情 / 历史 / 爱情 / 战争,卢基诺·维斯康蒂,伯特·兰卡斯特 / 克劳迪娅·卡汀娜 / 阿兰·德龙,11540,8.8,意大利/法国,20世纪60年代
248,星际穿越 Interstellar,剧情 / 科幻 / 冒险,克里斯托弗·诺兰,马修·麦康纳 / 安妮·海瑟薇 / 杰西卡·查斯坦,1339629,9.3,美国/英国/加拿大,21世纪10年代
249,斯图尔特：倒带人生 Stuart: A Life Backwards,剧情,戴维·阿特伍德,汤姆·哈迪 / 本尼迪克特·康伯巴奇 / George Anton,42921,8.7,英国,21世纪00年代
250,我是 Jestem,剧情,多罗塔·肯杰扎夫斯卡,Piotr Jagielski / Agnieszka Nagórzycka / Edyta Jungowska,9539,9.0,波兰,21世纪00年代
251,神迹 Something The Lord Made,剧情 / 传记,约瑟夫·萨金特,艾伦·瑞克曼 / 茅斯·达夫 / 玛丽·斯图尔特·马斯特森,7072,8.7,美国,21世纪00年代
252,十二怒汉 12 Angry Men,剧情 / 犯罪,威廉·弗莱德金,考特尼·万斯 / 奥西·戴维斯 / 乔治·C·斯科特,16293,9.1,美国,20世纪90年代
253,罗密欧与朱丽叶 Romeo and Juliet,剧情 / 爱情,佛朗哥·泽菲雷里,莱昂纳德·怀廷 / 奥丽维娅·赫西 / 约翰·麦克埃尼,10066,8.7,英国/意大利,20世纪60年代
254,无间道(正序版),剧情 / 犯罪,刘伟强 / 麦兆辉,刘德华 / 梁朝伟 / 黎明,38723,9.0,中国香港,21世纪00年代
255,恐怖直播 더 테러 라이브,剧情 / 犯罪 / 悬疑,金秉祐,河正宇 / 李璟荣 / 全慧珍,514191,8.8,韩国,21世纪10年代
256,素媛 소원,剧情,李濬益,薛景求 / 严志媛 / 李来,521687,9.3,韩国,21世纪10年代
257,辩护人 변호인,剧情,杨宇硕,宋康昊 / 金英爱 / 吴达洙,485903,9.2,韩国,21世纪10年代
258,相助 The Help,剧情,泰特·泰勒,艾玛·斯通 / 维奥拉·戴维斯 / 布莱丝·达拉斯·霍华德,86367,8.8,美国/印度/阿联酋,21世纪10年代
259,剃头匠,剧情 / 传记,哈斯朝鲁,靖奎,13395,9.2,中国大陆,21世纪00年代
260,本杰明·巴顿奇事 The Curious Case of Benjamin Button,剧情 / 爱情 / 奇幻,大卫·芬奇,凯特·布兰切特 / 布拉德·皮特 / 朱莉娅·奥蒙德,783044,8.9,美国,21世纪00年代
261,布达佩斯大饭店 The Grand Budapest Hotel,剧情 / 喜剧 / 冒险,韦斯·安德森,拉尔夫·费因斯 / 托尼·雷沃罗利 / 艾德里安·布洛迪,705118,8.9,美国/德国/英国,21世纪10年代
262,消失的爱人 Gone Girl,剧情 / 犯罪 / 悬疑 / 惊悚,大卫·芬奇,本·阿弗莱克 / 裴淳华 / 尼尔·帕特里克·哈里斯,715260,8.7,美国,21世纪10年代
263,疯狂的麦克斯4：狂暴之路 Mad Max: Fury Road,动作 / 科幻 / 冒险,乔治·米勒,汤姆·哈迪 / 查理兹·塞隆 / 尼古拉斯·霍尔特,414167,8.6,澳大利亚/南非/美国,21世纪10年代
264,布朗克斯的故事 A Bronx Tale,犯罪 / 剧情,罗伯特·德尼罗,罗伯特·德尼罗 / 查兹·帕尔明特瑞 / 李洛·布兰卡托,7497,8.6,美国,20世纪90年代
265,荒蛮故事 Relatos salvajes,剧情 / 喜剧 / 犯罪,达米安·斯兹弗隆,达里奥·格兰迪内蒂 / 玛丽娅·玛努尔 / 莫妮卡·比利亚,339770,8.8,阿根廷/西班牙,21世纪10年代
266,查令十字街84号 84 Charing Cross Road,传记 / 剧情 / 爱情,大卫·休·琼斯,安妮·班克罗夫特 / 安东尼·霍普金斯 / 朱迪·丹奇,18039,8.6,英国/美国,20世纪80年代
267,流浪者之歌 Дом за вешање,喜剧 / 犯罪 / 剧情 / 奇幻,埃米尔·库斯图里卡,达沃尔·杜伊莫维奇 / 博拉·托德洛维奇 / Ljubica Adzovic,8151,9.1,意大利/英国/南斯拉夫,20世纪80年代
268,革命往事 Giù la testa,冒险 / 战争 / 西部,赛尔乔·莱昂内,罗德·斯泰格尔 / 詹姆斯·柯本 / 罗慕洛·瓦利,12778,9.1,意大利,20世纪70年代
269,你逃我也逃 To Be or Not to Be,喜剧 / 战争,恩斯特·刘别谦,卡洛·朗白 / 杰克·本尼 / 罗伯特·斯塔克,29133,9.2,美国,20世纪40年代
270,士兵之歌 Баллада о солдате,剧情 / 爱情 / 战争,格利高利·丘赫莱依,弗拉迪米尔·伊瓦绍夫 / 然娜·普罗霍连科 / 安东宁娜·马克西莫娃,8762,9.1,苏联,20世纪50年代
271,马戏团 The Circus,喜剧 / 爱情,查理·卓别林,阿尔·欧内斯特·加西亚 / 梅尔纳·肯尼迪 / 哈里·克罗克,14787,9.2,美国,20世纪20年代
272,背靠背，脸对脸,剧情,黄建新 / 杨亚洲,牛振华 / 雷恪生 / 李强,65178,9.4,中国大陆/中国香港,20世纪90年代
273,福尔摩斯二世 Sherlock Jr.,喜剧 / 动作 / 爱情,巴斯特·基顿,巴斯特·基顿 / 凯瑟琳·麦奎尔 / 乔·基顿,18065,9.5,美国,20世纪20年代
274,血战钢锯岭 Hacksaw Ridge,剧情 / 传记 / 历史 / 战争,梅尔·吉布森,安德鲁·加菲尔德 / 萨姆·沃辛顿 / 文斯·沃恩,639352,8.7,澳大利亚/美国,21世纪10年代
275,房间 Room,剧情 / 家庭,伦尼·阿伯拉罕森,布丽·拉尔森 / 雅各布·特伦布莱 / 肖恩·布里吉格斯,314286,8.8,爱尔兰/加拿大/英国/美国,21世纪10年代
276,请以你的名字呼唤我 Call Me by Your Name,剧情 / 爱情 / 同性,卢卡·瓜达尼诺,艾米·汉莫 / 蒂莫西·柴勒梅德 / 迈克尔·斯图巴,530325,8.9,意大利/法国/巴西/美国/荷兰/德国,21世纪10年代
277,霍金传 Hawking,剧情 / 传记,菲利普·马丁,本尼迪克特·康伯巴奇 / 丽莎·迪伦 / 亚当·戈德利,16819,8.6,英国,21世纪00年代
278,头号玩家 Ready Player One,动作 / 科幻 / 冒险,史蒂文·斯皮尔伯格,泰伊·谢里丹 / 奥利维亚·库克 / 本·门德尔森,1110838,8.6,美国,21世纪10年代
279,摔跤吧！爸爸 Dangal,剧情 / 传记 / 运动 / 家庭,涅提·蒂瓦里,阿米尔·汗 / 法缇玛·萨那·纱卡 / 桑亚·玛荷塔,1258331,9.0,印度,21世纪10年代
280,看不见的客人 Contratiempo,剧情 / 犯罪 / 悬疑 / 惊悚,奥里奥尔·保罗,马里奥·卡萨斯 / 阿娜·瓦格纳 / 何塞·科罗纳多,955411,8.8,西班牙,21世纪10年代
281,莫娣 Maudie,剧情 / 传记 / 爱情,艾斯林·沃什,莎莉·霍金斯 / 伊桑·霍克 / 卡瑞·玛切特,76219,9.1,爱尔兰/加拿大,21世纪10年代
282,大佛普拉斯,剧情 / 喜剧,黄信尧,庄益增 / 陈竹昇 / 戴立忍,319979,8.7,中国台湾,21世纪10年代
283,海边的曼彻斯特 Manchester by the Sea,剧情 / 家庭,肯尼思·洛纳根,卡西·阿弗莱克 / 卢卡斯·赫奇斯 / 米歇尔·威廉姆斯,386492,8.6,美国,21世纪10年代
284,至暗时刻 Darkest Hour,剧情 / 传记 / 历史 / 战争,乔·赖特,加里·奥德曼 / 克里斯汀·斯科特·托马斯 / 莉莉·詹姆斯,300167,8.6,英国/美国,21世纪10年代
285,我能说 아이 캔 스피크,剧情 / 喜剧,金炫锡,罗文姬 / 李帝勋 / 廉惠兰,78717,8.8,韩国,21世纪10年代
286,我不是药神,剧情 / 喜剧,文牧野,徐峥 / 王传君 / 周一围,1674122,9.0,中国大陆,21世纪10年代
287,无主之地 Ničija zemlja,剧情 / 战争,丹尼斯·塔诺维奇,布兰科·德约里奇 / 瑞内·比托拉贾奇 / 菲利普·索瓦戈维奇,21863,8.6,波黑/斯洛文尼亚/意大利/法国/英国/比利时,21世纪00年代
288,歌厅 Cabaret,剧情 / 爱情 / 歌舞,鲍勃·福斯,丽莎·明奈利 / 麦克尔·约克 / 赫尔穆特·格里姆,9486,8.9,美国,20世纪70年代
289,我们俩,剧情,马俪文,宫哲 / 金雅琴 / 张淑芳,97582,8.7,中国大陆,21世纪00年代
290,高山下的花环,剧情 / 战争,谢晋,唐国强 / 吕晓禾 / 何伟,25981,9.3,中国大陆,20世纪80年代
291,波西米亚狂想曲 Bohemian Rhapsody,剧情 / 传记 / 同性 / 音乐,布莱恩·辛格,拉米·马雷克 / 本·哈迪 / 约瑟夫·梅泽罗,460372,8.7,英国/美国,21世纪10年代
292,乌鸦与麻雀 烏鴉与麻雀,剧情,郑君里,赵丹 / 上官云珠 / 孙道临,7025,8.7,中国大陆,20世纪40年代
293,横空出世,剧情 / 历史,陈国星,李雪健 / 李幼斌 / 高明,38560,9.4,中国大陆,20世纪90年代
294,何以为家 كفرناحوم,剧情,娜丁·拉巴基,赞恩·阿尔·拉菲亚 / 约丹诺斯·希费罗 / 博鲁瓦蒂夫·特雷杰·班科尔,793780,9.1,黎巴嫩/法国/美国,21世纪10年代
295,早安 お早よう,喜剧,小津安二郎,杉村春子 / 笠智众 / 久我美子,7621,8.7,日本,20世纪50年代
296,痛苦与荣耀 Dolor y gloria,剧情 / 同性,佩德罗·阿莫多瓦,安东尼奥·班德拉斯 / 阿谢尔·埃特塞安迪亚 / 莱昂纳多·斯巴拉格利亚,69526,8.5,西班牙/法国,21世纪10年代
297,上海滩 上海灘,剧情 / 动作 / 爱情,招振强,周润发 / 吕良伟 / 赵雅芝,8113,8.9,中国香港,20世纪80年代
298,新世界 신세계,剧情 / 犯罪,朴勋政,李政宰 / 崔岷植 / 黄政民,283140,8.8,韩国,21世纪10年代
299,寄生虫 기생충,剧情 / 喜剧,奉俊昊,宋康昊 / 李善均 / 曹如晶,1089627,8.7,韩国,21世纪10年代
300,小丑 Joker,剧情 / 犯罪 / 惊悚,托德·菲利普斯,华金·菲尼克斯 / 罗伯特·德尼罗 / 马克·马龙,792918,8.7,美国/加拿大,21世纪10年代
301,北壁 Nordwand,剧情 / 历史 / 冒险 / 运动,菲利普·施特尔茨尔,本诺·菲尔曼 / 弗洛里安·卢卡斯 / 约翰娜·沃卡莱克,10905,8.6,德国/奥地利/瑞士,21世纪00年代
302,一个叫欧维的男人决定去死 En man som heter Ove,剧情,汉内斯·赫尔姆,罗夫·拉斯加德 / 巴哈·帕斯 / 托比亚斯·阿姆博瑞,323501,8.9,瑞典,21世纪10年代
303,谍影重重 The Bourne Identity,动作 / 悬疑 / 惊悚,道格·里曼,马特·达蒙 / 弗朗卡·波滕特 / 克里斯·库珀,342188,8.6,美国/德国/捷克,21世纪00年代
304,黄昏的清兵卫 たそがれ清兵衛,剧情 / 历史 / 爱情,山田洋次,真田广之 / 宫泽理惠 / 小林稔侍,24628,8.8,日本,21世纪00年代
305,谍影重重2 The Bourne Supremacy,动作 / 悬疑 / 惊悚,保罗·格林格拉斯,马特·达蒙 / 弗朗卡·波滕特 / 布莱恩·考克斯,286346,8.7,美国/德国,21世纪00年代
306,终结者2：审判日 Terminator 2: Judgment Day,动作 / 科幻,詹姆斯·卡梅隆,阿诺·施瓦辛格 / 琳达·汉密尔顿 / 爱德华·福隆,279036,8.7,美国/法国,20世纪90年代
307,黑鹰坠落 Black Hawk Down,动作 / 历史 / 战争,雷德利·斯科特,乔什·哈奈特 / 伊万·麦克格雷格 / 汤姆·塞兹摩尔,236037,8.7,美国/英国,21世纪00年代
308,断背山 Brokeback Mountain,剧情 / 爱情 / 同性 / 家庭,李安,希斯·莱杰 / 杰克·吉伦哈尔 / 米歇尔·威廉姆斯,583120,8.8,美国/加拿大,21世纪00年代
309,南极大冒险 Eight Below,剧情 / 冒险,弗兰克·马歇尔,保罗·沃克 / 布鲁斯·格林伍德 / 穆恩·布拉得古德,73560,8.7,美国,21世纪00年代
310,末路狂花 Thelma & Louise,犯罪 / 剧情 / 惊悚,雷德利·斯科特,吉娜·戴维斯 / 苏珊·萨兰登 / 哈威·凯特尔,174732,8.8,美国/英国/法国,20世纪90年代
311,坠入 The Fall,剧情 / 喜剧 / 奇幻 / 冒险,塔西姆·辛,凯婷卡·安塔鲁 / 贾斯蒂恩·瓦戴尔 / 李·佩斯,88264,8.8,美国/南非/印度,21世纪00年代
312,幸福终点站 The Terminal,喜剧 / 剧情 / 爱情,史蒂文·斯皮尔伯格,汤姆·汉克斯 / 凯瑟琳·泽塔-琼斯 / 斯坦利·图齐,434394,8.8,美国,21世纪00年代
313,情枭的黎明 Carlito's Way,犯罪 / 剧情 / 惊悚,布莱恩·德·帕尔玛,阿尔·帕西诺 / 西恩·潘 / 佩内洛普·安·米勒,31989,8.7,美国,20世纪90年代
314,铁拳男人 Cinderella Man,剧情 / 家庭 / 传记 / 运动,朗·霍华德,罗素·克劳 / 蕾妮·齐薇格 / 保罗·吉亚玛提,42752,8.8,美国,21世纪00年代
315,西西里的美丽传说 Malèna,剧情 / 战争 / 情色,朱塞佩·托纳多雷,莫妮卡·贝鲁奇 / 朱塞佩·苏尔法罗 / Luciano Federico,776137,8.9,意大利/美国,21世纪00年代
316,加勒比海盗 Pirates of the Caribbean: The Curse of the Black Pearl,动作 / 冒险 / 奇幻,戈尔·维宾斯基,约翰尼·德普 / 杰弗里·拉什 / 奥兰多·布鲁姆,696043,8.8,美国,21世纪00年代
317,贫民窟的百万富翁 Slumdog Millionaire,剧情 / 爱情,丹尼·博伊尔 / 洛芙琳·坦丹,戴夫·帕特尔 / 沙鲁巴·舒克拉 / 亚尼·卡普,612948,8.6,英国,21世纪00年代
318,何处是我朋友的家 خانه ي دوست كجاست؟,剧情,阿巴斯·基亚罗斯塔米,巴比·艾哈迈德·波 / 艾哈迈德·艾哈迈德·波 / 科达·巴和·迪范,16601,8.8,伊朗,20世纪80年代
319,迷魂记 Vertigo,爱情 / 悬疑 / 惊悚,阿尔弗雷德·希区柯克,詹姆斯·斯图尔特 / 金·诺瓦克 / 芭芭拉·贝尔·戈迪斯,87010,8.6,美国,20世纪50年代
320,恋恋风尘 戀戀風塵,剧情 / 爱情,侯孝贤,李天禄 / 辛树芬 / 王晶文,63406,8.6,中国台湾,20世纪80年代
321,土拨鼠之日 Groundhog Day,剧情 / 喜剧 / 爱情 / 奇幻,哈罗德·雷米斯,比尔·默瑞 / 安迪·麦克道威尔 / 克里斯·艾略特,138797,8.6,美国,20世纪90年代
322,花火 HANA-BI,剧情 / 爱情 / 犯罪 / 惊悚,北野武,北野武 / 岸本加世子 / 大杉涟,79943,8.6,日本,20世纪90年代
323,天水围的日与夜 天水圍的日與夜,剧情 / 家庭,许鞍华,鲍起静 / 陈丽云 / 梁进龙,98049,8.6,中国香港,21世纪00年代
324,雨人 Rain Man,剧情,巴瑞·莱文森,达斯汀·霍夫曼 / 汤姆·克鲁斯 / 瓦莱丽亚·戈利诺,333005,8.7,美国,20世纪80年代
325,E.T. 外星人 E.T.: The Extra-Terrestrial,剧情 / 科幻,史蒂文·斯皮尔伯格,亨利·托马斯 / 迪·沃伦斯 / 罗伯特·麦克纳夫顿,282298,8.6,美国,20世纪80年代
326,枪火 鎗火,剧情 / 动作 / 犯罪,杜琪峰,吴镇宇 / 任达华 / 黄秋生,169998,8.7,中国香港,20世纪90年代
327,走出非洲 Out of Africa,冒险 / 传记 / 剧情 / 爱情,西德尼·波拉克,梅丽尔·斯特里普 / 罗伯特·雷德福 / 克劳斯·马利亚·布朗道尔,74769,8.6,美国,20世纪80年代
328,洛城机密 L.A. Confidential,剧情 / 犯罪 / 悬疑 / 惊悚,柯蒂斯·汉森,凯文·史派西 / 罗素·克劳 / 盖·皮尔斯,115684,8.7,美国,20世纪90年代
329,战争之王 Lord of War,剧情 / 犯罪,安德鲁·尼科尔,尼古拉斯·凯奇 / 布丽姬·穆娜 / 杰瑞德·莱托,283980,8.7,美国/法国,21世纪00年代
330,勇闯夺命岛 The Rock,动作 / 冒险,迈克尔·贝,肖恩·康纳利 / 尼古拉斯·凯奇 / 艾德·哈里斯,218543,8.6,美国,20世纪90年代
331,遗愿清单 The Bucket List,冒险 / 喜剧 / 剧情,罗伯·莱纳,杰克·尼科尔森 / 摩根·弗里曼 / 西恩·海耶斯,314978,8.7,美国,21世纪00年代
332,面子 Saving Face,剧情 / 喜剧 / 爱情 / 同性,伍思薇,杨雅慧 / 陈冲 / 陈凌,52935,8.7,美国,21世纪00年代
333,帝国的毁灭 Der Untergang,剧情 / 传记 / 历史 / 战争,奥利弗·希施比格尔,布鲁诺·冈茨 / 亚历山德拉·玛丽亚·拉娜 / 科琳娜·哈弗奇,69836,8.8,德国/奥地利/意大利,21世纪00年代
334,一夜风流 It Happened One Night,喜剧 / 爱情,弗兰克·卡普拉,克拉克·盖博 / 克劳黛·考尔白 / 沃尔特·康诺利,39734,8.8,美国,20世纪30年代
335,万箭穿心,剧情 / 家庭,王竞,颜丙燕 / 陈刚 / 焦刚,180412,8.6,中国大陆,21世纪10年代
336,舞台春秋 Limelight,喜剧 / 剧情 / 音乐 / 爱情,查理·卓别林,查理·卓别林 / 巴斯特·基顿 / 克莱尔·布鲁姆,5237,8.8,美国,20世纪50年代
337,电话谋杀案 Dial M for Murder,犯罪 / 悬疑 / 惊悚,阿尔弗雷德·希区柯克,雷·米兰德 / 格蕾丝·凯利 / 罗伯特·卡明斯,68972,8.8,美国,20世纪50年代
338,小孩与鹰 Kes,剧情 / 儿童,肯·洛奇,大卫·布拉德利 / Freddie Fletcher / 琳内·佩里,6717,8.6,英国,20世纪60年代
339,热泪伤痕 Dolores Claiborne,剧情 / 悬疑 / 惊悚,泰勒·海克福德,凯西·贝茨 / 克里斯托弗·普卢默 / 大卫·斯特雷泽恩,11775,8.6,美国,20世纪90年代
340,记我的母亲 わが母の記,剧情,原田真人,役所广司 / 树木希林 / 宫崎葵,12300,8.7,日本,21世纪10年代
341,绿洲 오아시스,剧情 / 爱情,李沧东,薛景求 / 文素丽 / 安内相,38701,8.6,韩国,21世纪00年代
342,变脸,剧情,吴天明,朱旭 / 周任莹 / 赵志刚,30542,8.9,中国大陆/中国香港,20世纪90年代
343,遥望南方的童年,剧情,易寒,易志兵 / 何伟欣 / 谢媛,20827,9.4,中国大陆,21世纪00年代
344,秋日奏鸣曲 Höstsonaten,剧情 / 家庭,英格玛·伯格曼,英格丽·褒曼 / 丽芙·乌曼 / 莱娜·尼曼,19386,9.0,瑞典/法国/西德/英国,20世纪70年代
345,鲸鱼马戏团 Werckmeister harmóniák,剧情 / 悬疑,贝拉·塔尔 / 阿尼亚斯·赫拉尼茨基,拉尔斯·鲁道夫 / 彼得·菲茨 / 汉娜·许古拉,7846,8.8,匈牙利/意大利/德国/法国,21世纪00年代
346,斯隆女士 Miss Sloane,剧情 / 悬疑,约翰·马登,杰西卡·查斯坦 / 古古·姆巴塔-劳 / 约翰·利思戈,69435,8.8,美国/法国,21世纪10年代
347,芬妮的旅程 Le voyage de Fanny,剧情 / 战争,萝拉·多尔伦,莱奥尼·西索德 / 芳汀·阿杜安 / 朱莉安娜·勒普罗,25655,8.6,法国/比利时,21世纪10年代
348,世上最快的印第安摩托 The World's Fastest Indian,传记 / 剧情 / 运动,罗杰·唐纳森,安东尼·霍普金斯 / Iain Rea / Tessa Mitchell,10254,8.9,新西兰/美国/瑞士/日本,21世纪00年代
349,卓别林 Chaplin,剧情 / 传记,理查德·阿滕伯勒,小罗伯特·唐尼 / 杰拉丁·卓别林 / 保罗·瑞斯,12697,8.6,英国/美国/法国/意大利,20世纪90年代
350,解构爱情狂 Deconstructing Harry,喜剧 / 剧情 / 奇幻 / 爱情,伍迪·艾伦,伍迪·艾伦 / 罗宾·威廉姆斯 / 黛米·摩尔,22639,8.6,美国,20世纪90年代
351,哈利·波特与魔法石 Harry Potter and the Sorcerer's Stone,奇幻 / 冒险,克里斯·哥伦布,丹尼尔·雷德克里夫 / 艾玛·沃森 / 鲁伯特·格林特,841250,9.1,美国/英国,21世纪00年代
352,过年,剧情 / 家庭,黄健中,赵丽蓉 / 葛优 / 梁天,33538,8.8,中国大陆,20世纪90年代
353,弱点 The Blind Side,剧情 / 家庭 / 传记 / 运动,约翰·李·汉考克,桑德拉·布洛克 / 蒂姆·麦格罗 / 昆东·亚伦,209421,8.7,美国,21世纪00年代
354,远山的呼唤 遥かなる山の呼び声,剧情,山田洋次,高仓健 / 倍赏千惠子 / 吉冈秀隆,11491,8.7,日本,20世纪80年代
355,伊豆的舞女 伊豆の踊子,剧情,西河克己,山口百惠 / 三浦友和 / 一之宫敦子,20833,8.6,日本,20世纪70年代
356,启示 Apocalypto,动作 / 冒险 / 剧情,梅尔·吉布森,鲁迪·杨布拉德 / 达利娅·埃尔南德斯 / 乔纳森·布雷维尔,70148,8.6,美国,21世纪00年代
357,傲慢与偏见 Pride & Prejudice,剧情 / 爱情,乔·赖特,凯拉·奈特莉 / 马修·麦克费登 / 唐纳德·萨瑟兰,618857,8.6,法国/英国/美国,21世纪00年代
358,流星语 流星語,喜剧 / 剧情,张之亮,张国荣 / 叶靖岚 / 狄龙,11883,8.6,中国香港,20世纪90年代
359,百万美元宝贝 Million Dollar Baby,剧情 / 运动,克林特·伊斯特伍德,克林特·伊斯特伍德 / 希拉里·斯万克 / 摩根·弗里曼,173730,8.7,美国,21世纪00年代
360,荒岛余生 Cast Away,冒险 / 剧情,罗伯特·泽米吉斯,汤姆·汉克斯 / 海伦·亨特 / 克里斯·诺斯,232285,8.6,美国,21世纪00年代
361,昨天,传记 / 剧情 / 音乐,张杨,贾宏声 / 王彤 / 贾凤森,30669,8.6,中国大陆,21世纪00年代
362,母亲 母べえ,剧情 / 家庭,山田洋次,吉永小百合 / 浅野忠信 / 檀丽,8673,8.6,日本,21世纪00年代
363,新龙门客栈 新龍門客棧,动作 / 爱情 / 武侠 / 古装,李惠民,张曼玉 / 林青霞 / 梁家辉,352405,8.6,中国香港/中国大陆,20世纪90年代
364,杀死一只知更鸟 To Kill a Mockingbird,犯罪 / 剧情 / 悬疑,罗伯特·马利根,格利高里·派克 / 约翰·梅根纳 / 弗兰克·奥弗顿,44949,8.6,美国,20世纪60年代
365,廊桥遗梦 The Bridges of Madison County,剧情 / 爱情,克林特·伊斯特伍德,克林特·伊斯特伍德 / 梅丽尔·斯特里普 / 安妮·科利,173478,8.7,美国,20世纪90年代
366,回到未来 Back to the Future,喜剧 / 科幻 / 冒险,罗伯特·泽米吉斯,迈克尔·J·福克斯 / 克里斯托弗·洛伊德 / 莉·汤普森,159230,8.7,美国,20世纪80年代
367,致命ID Identity,剧情 / 悬疑 / 惊悚,詹姆斯·曼高德,约翰·库萨克 / 雷·利奥塔 / 阿曼达·皮特,634531,8.8,美国,21世纪00年代
368,黑天鹅 Black Swan,剧情 / 惊悚,达伦·阿伦诺夫斯基,娜塔莉·波特曼 / 米拉·库尼斯 / 文森特·卡索,675095,8.6,美国,21世纪10年代
369,朗读者 The Reader,剧情 / 爱情,史蒂芬·戴德利,凯特·温丝莱特 / 大卫·克劳斯 / 拉尔夫·费因斯,390650,8.6,美国/德国,21世纪00年代
370,全金属外壳 Full Metal Jacket,剧情 / 战争,斯坦利·库布里克,马修·莫迪恩 / 亚当·鲍德温 / 文森特·多诺费奥,105607,8.6,英国/美国,20世纪80年代
371,光荣之路 Glory Road,剧情 / 传记 / 运动,詹姆斯·加特纳,乔什·卢卡斯 / Wes Brown / 德里克·卢克,39470,8.6,美国,21世纪00年代
372,十月的天空 October Sky,传记 / 剧情 / 家庭,乔·庄斯顿,杰克·吉伦哈尔 / 克里斯·库珀 / 劳拉·邓恩,30980,8.7,美国,20世纪90年代
373,狐狸与我 Le renard et l'enfant,剧情 / 儿童 / 冒险,吕克·雅盖,贝蒂•若耶-布萝 / 伊莎贝尔·卡雷 / Thomas Laliberté,26657,8.5,法国,21世纪00年代
374,鸳梦重温 Random Harvest,剧情 / 爱情,茂文·勒鲁瓦,罗纳德·考尔曼 / 葛丽亚·嘉逊 / 菲利普·多恩,3796,8.6,美国,20世纪40年代
375,音乐会 Le concert,喜剧 / 剧情 / 音乐,拉杜·米哈伊列亚努,梅拉尼·罗兰 / 阿列克塞·古斯科夫 / Dimitry Nazarov,15018,8.5,法国/意大利/罗马尼亚/比利时,21世纪00年代
376,禁闭岛 Shutter Island,剧情 / 悬疑 / 惊悚,马丁·斯科塞斯,莱昂纳多·迪卡普里奥 / 马克·鲁弗洛 / 本·金斯利,751881,8.8,美国,21世纪10年代
377,无耻混蛋 Inglourious Basterds,剧情 / 犯罪,昆汀·塔伦蒂诺,布拉德·皮特 / 梅拉尼·罗兰 / 克里斯托弗·瓦尔兹,382095,8.6,德国/美国,21世纪00年代
378,倩女幽魂,爱情 / 奇幻 / 武侠 / 古装,程小东,张国荣 / 王祖贤 / 午马,582893,8.7,中国香港,20世纪80年代
379,麻将 麻將,喜剧 / 剧情,杨德昌,柯宇纶 / 张震 / 林海象,32870,8.6,中国台湾,20世纪90年代
380,恐怖分子 恐怖份子,剧情 / 犯罪,杨德昌,缪骞人 / 李立群 / 金士杰,37038,8.9,中国台湾,20世纪80年代
381,甘地传 Gandhi,传记 / 剧情 / 历史,理查德·阿滕伯勒,本·金斯利 / 坎迪斯·伯根 / 爱德华·福克斯,30401,8.6,英国/印度/美国,20世纪80年代
382,弗里达 Frida,传记 / 剧情 / 爱情,朱丽·泰莫,萨尔玛·海耶克 / 阿尔弗雷德·莫里纳 / 米娅·麦斯特罗,54344,8.7,美国/墨西哥/加拿大,21世纪00年代
383,雨月物语 雨月物語,剧情 / 战争 / 奇幻,沟口健二,田中绢代 / 森雅之 / 小泽荣太郎,17746,8.6,日本,20世纪50年代
384,笑之大学 笑の大学,喜剧 / 剧情,星护,役所广司 / 稻垣吾郎 / 高桥昌也,16969,8.5,日本,21世纪00年代
385,奇迹 奇跡,剧情 / 家庭,是枝裕和,前田航基 / 前田旺志郎  / 大塚宁宁,56486,8.8,日本,21世纪10年代
386,永远的三丁目的夕阳2 ALWAYS 続・三丁目の夕日,剧情,山崎贵,吉冈秀隆 / 堤真一 / 小雪,15939,8.7,日本,21世纪00年代
387,瓦尔特保卫萨拉热窝 Валтер брани Сарајево,战争,哈伊鲁丁·克尔瓦瓦茨,韦利米尔·巴塔·日沃伊诺维奇 / 拉德·马尔科维奇 / 留比沙·萨马季奇,12954,8.7,南斯拉夫,20世纪70年代
388,光辉岁月 Remember the Titans,剧情 / 传记 / 运动,鲍兹·亚金,丹泽尔·华盛顿 / 威尔·帕顿 / 伍德·哈里斯,24439,8.6,美国,21世纪00年代
389,战场上的快乐圣诞 Merry Christmas Mr. Lawrence,剧情 / 战争 / 同性,大岛渚,大卫·鲍伊 / 汤姆·康蒂 / 坂本龙一,76688,8.8,英国/日本/新西兰,20世纪80年代
390,再见，孩子们 Au revoir les enfants,剧情 / 战争,路易·马勒,加斯帕·曼尼斯 / 拉斐尔·费伊特 / 弗朗辛·拉塞特,11859,8.6,法国/西德/意大利,20世纪80年代
391,千钧一发 Gattaca,剧情 / 科幻 / 惊悚,安德鲁·尼科尔,伊桑·霍克 / 乌玛·瑟曼 / 裘德·洛,205925,8.8,美国,20世纪90年代
392,2001太空漫游 2001: A Space Odyssey,科幻 / 惊悚 / 冒险,斯坦利·库布里克,凯尔·杜拉 / 加里·洛克伍德 / 威廉姆·西尔维斯特,232445,8.8,英国/美国,20世纪60年代
393,我们天上见,剧情 / 家庭,蒋雯丽,朱旭 / 姚君 / 朱一诺,60973,8.7,中国大陆,21世纪00年代
394,费城故事 Philadelphia,剧情 / 同性,乔纳森·戴米,汤姆·汉克斯 / 丹泽尔·华盛顿 / 罗伯塔·马克斯韦尔,86627,8.7,美国,20世纪90年代
395,杀人回忆 살인의 추억,剧情 / 动作 / 犯罪 / 悬疑 / 惊悚,奉俊昊,宋康昊 / 金相庆 / 金雷夏,536337,8.9,韩国,21世纪00年代
396,非常嫌疑犯 The Usual Suspects,犯罪 / 悬疑 / 惊悚,布莱恩·辛格,史蒂芬·鲍德温 / 加布里埃尔·伯恩 / 本尼西奥·德尔·托罗,211140,8.6,德国/美国,20世纪90年代
397,蝴蝶 Le papillon,剧情 / 儿童 / 喜剧,费利普·弥勒,米歇尔·塞罗尔 / 柯莱儿·布翁尼许 / 娜德·蒂约,109864,8.6,法国,21世纪00年代
398,真爱至上 Love Actually,喜剧 / 剧情 / 爱情,理查德·柯蒂斯,休·格兰特 / 科林·费尔斯 / 艾玛·汤普森,585404,8.6,英国/美国/法国,21世纪00年代
399,曼联重生 United,剧情,詹姆斯·斯特朗,大卫·田纳特 / 杰克·奥康奈尔 / 山姆·克拉弗林,7509,8.5,英国,21世纪10年代
400,蝙蝠侠：黑暗骑士崛起 The Dark Knight Rises,剧情 / 动作 / 科幻 / 犯罪 / 惊悚,克里斯托弗·诺兰,克里斯蒂安·贝尔 / 汤姆·哈迪 / 安妮·海瑟薇,570086,8.8,美国/英国,21世纪10年代
401,理查二世 Richard II,剧情 / 历史,鲁伯特·古尔德,本·卫肖 / 克蕾曼丝·波西 / 帕特里克·斯图尔特,14071,8.7,英国,21世纪10年代
402,"亨利四世：第二部分 Henry IV, Part 2",剧情 / 历史,理查德·艾尔,杰瑞米·艾恩斯 / 汤姆·希德勒斯顿 / 西蒙·拉塞尔·比尔,7825,8.6,英国,21世纪10年代
403,"亨利四世：第一部分 Henry IV, Part 1",剧情 / 历史,理查德·艾尔,杰瑞米·艾恩斯 / 汤姆·希德勒斯顿 / 西蒙·拉塞尔·比尔,9625,8.7,英国/美国,21世纪10年代
404,赛德克·巴莱 賽德克·巴萊,剧情 / 历史 / 战争,魏德圣,林庆台 / 马志翔 / 安藤政信,149295,8.8,中国台湾,21世纪10年代
405,赛德克·巴莱(下)：彩虹桥 賽德克·巴萊(下)彩虹橋,剧情 / 历史 / 战争,魏德圣,马志翔 / 徐若瑄 / 温岚,75539,8.8,中国台湾,21世纪10年代
406,与玛格丽特的午后 La tête en friche,喜剧,让·贝克,热拉尔·德帕迪约 / 吉赛勒·卡扎德絮 / 帕特里克·伯利奇,30983,8.8,法国,21世纪10年代
407,樱花盛开 Kirschblüten - Hanami,剧情 / 爱情,多丽丝·德里,艾尔玛·韦伯 / 汉内洛勒·埃尔斯纳 / 入月彩,6180,8.6,德国,21世纪00年代
408,这里的黎明静悄悄 А зори здесь тихие,剧情 / 历史 / 战争,斯坦尼斯拉夫·罗斯托茨基,安德烈·马尔蒂诺夫 / 伊琳娜·多尔加诺娃 / 伊莲娜·德罗佩科,10453,8.7,苏联,20世纪70年代
409,焦土之城 Incendies,剧情 / 战争 / 悬疑,丹尼斯·维伦纽瓦,雷米·吉拉德 / 梅丽莎·德索蒙斯-波林 / 马克西姆·高德特,34457,8.6,加拿大,21世纪10年代
410,爱 Amour,剧情 / 爱情,迈克尔·哈内克,让-路易·特兰蒂尼昂 / 埃玛妞·丽娃 / 伊莎贝尔·于佩尔,72277,8.6,法国/德国/奥地利,21世纪10年代
411,悲惨世界 Les Misérables,剧情 / 爱情 / 歌舞,汤姆·霍伯,休·杰克曼 / 罗素·克劳 / 安妮·海瑟薇,293754,8.6,英国/美国/法国,21世纪10年代
412,一级谋杀 Murder in the First,剧情 / 惊悚,马可·罗科,克里斯蒂安·史莱特 / 凯文·贝肯 / 加里·奥德曼,7873,8.6,法国/美国,20世纪90年代
413,横道世之介,剧情 / 爱情,冲田修一,高良健吾 / 吉高由里子 / 池松壮亮,105744,8.8,日本,21世纪10年代
414,安全至下 Safety Last!,喜剧 / 爱情 / 惊悚,弗雷德·C·纽迈尔 / 山姆·泰勒,哈罗德·劳埃德 / 米尔德丽德·戴维斯 / 比尔·斯特罗瑟,8137,8.9,美国,20世纪20年代
415,情迷意乱 乱れる,剧情 / 爱情 / 家庭,成濑巳喜男,高峰秀子 / 加山雄三 / 草笛光子,8301,9.1,日本,20世纪60年代
416,同流者 Il conformista,剧情,贝纳尔多·贝托鲁奇,让-路易·特兰蒂尼昂 / 斯特法尼娅·桑德雷利 / 多米妮克·桑达,6253,8.6,意大利/法国/西德,20世纪70年代
417,烈焰焚币 Plata quemada,剧情 / 爱情 / 犯罪 / 惊悚 / 同性,马西路·品尼路,莱昂纳多·斯巴拉格利亚 / 爱德华多·诺列加 / 巴勃罗·埃查里,16919,8.6,阿根廷/西班牙/乌拉圭,21世纪00年代
418,特工 공작,剧情,尹钟彬,黄政民 / 李星民 / 赵震雄,133775,8.6,韩国,21世纪10年代
419,花样年华 花樣年華,剧情 / 爱情,王家卫,梁朝伟 / 张曼玉 / 潘迪华,459472,8.7,中国香港,21世纪00年代
420,极速车王 Ford v Ferrari,剧情 / 传记 / 运动,詹姆斯·曼高德,马特·达蒙 / 克里斯蒂安·贝尔 / 乔什·卢卡斯,181226,8.6,美国,21世纪10年代
421,控方证人 Witness for the Prosecution,剧情 / 犯罪 / 悬疑,艾伦·吉布森,拉尔夫·理查德森 / 黛博拉·蔻儿 / 博·布里奇斯,28452,9.5,美国/英国,20世纪80年代
422,战争与和平 Война и мир,剧情 / 历史 / 爱情 / 战争,谢尔盖·邦达尔丘克,谢尔盖·邦达尔丘克 / 柳德米拉·萨维里耶娃 / 维亚切斯拉夫·吉洪诺夫,7249,9.1,苏联,20世纪60年代
423,82年生的金智英 82년생 김지영,剧情,金度英,郑有美 / 孔刘 / 金美京,305271,8.6,韩国,21世纪10年代
424,燃烧女子的肖像 Portrait de la jeune fille en feu,剧情 / 爱情 / 同性,瑟琳·席安玛,诺米·梅兰特 / 阿黛拉·哈内尔 / 卢安娜·巴杰拉米,126871,8.6,法国,21世纪10年代
425,特写 نمای نزدیک,犯罪 / 剧情,阿巴斯·基亚罗斯塔米,Hossain Sabzian / 莫森·玛克玛尔巴夫 / Abolfazl Ahankhah,6980,8.6,伊朗,20世纪90年代
426,隐藏人物 Hidden Figures,剧情 / 传记 / 历史,西奥多·梅尔菲,塔拉吉·P·汉森 / 奥克塔维亚·斯宾瑟 / 加奈儿·梦奈,143006,8.8,美国,21世纪10年代
427,再次出发之纽约遇见你 Begin Again,喜剧 / 爱情 / 音乐,约翰·卡尼,凯拉·奈特莉 / 马克·鲁弗洛 / 亚当·莱文,339740,8.6,美国,21世纪10年代
428,阮玲玉,传记 / 剧情 / 爱情,关锦鹏,张曼玉 / 梁家辉 / 秦汉,79839,8.6,中国香港,20世纪90年代
429,发条橙 A Clockwork Orange,犯罪 / 剧情 / 科幻,斯坦利·库布里克,马尔科姆·麦克道威尔 / 帕特里克·马基 / 迈克尔·贝茨,303935,8.6,英国/美国,20世纪70年代
430,大红灯笼高高挂,剧情,张艺谋,巩俐 / 马精武 / 何赛飞,188509,8.6,中国大陆/中国香港/中国台湾,20世纪90年代
431,汉密尔顿 Hamilton,历史 / 歌舞,托马斯·凯尔,林-曼努尔·米兰达 / 小莱斯利·奥多姆 / 戴维德·迪格斯,43821,9.5,美国,21世纪20年代
432,无间道2 無間道II,动作 / 犯罪 / 剧情 / 惊悚,刘伟强 / 麦兆辉,陈冠希 / 余文乐 / 曾志伟,326599,8.6,中国香港,21世纪00年代
433,青蛇,剧情 / 爱情 / 奇幻 / 古装,徐克,张曼玉 / 王祖贤 / 赵文卓,409701,8.6,中国香港/中国大陆,20世纪90年代
434,党同伐异 Intolerance: Love's Struggle Throughout the Ages,剧情 / 历史 / 爱情,大卫·格里菲斯,丽莲·吉许 / 梅·马什 / 罗伯特·哈伦,8038,8.7,美国,20世纪10年代
435,巴里·林登 Barry Lyndon,剧情 / 爱情 / 战争,斯坦利·库布里克,瑞安·奥尼尔 / 马里莎·贝伦森 / 帕特里克·马基,29060,8.8,英国/美国,20世纪70年代
436,牧马人,剧情 / 爱情,谢晋,朱时茂 / 丛珊 / 刘琼,35656,8.9,中国大陆,20世纪80年代
437,杀死比尔整个血腥事件 Kill Bill: The Whole Bloody Affair,动作 / 犯罪,昆汀·塔伦蒂诺,乌玛·瑟曼 / 迈克尔·鲍文 / 大卫·卡拉丁,19813,8.6,美国,21世纪10年代
438,寂静人生 Still Life,剧情,乌贝托·帕索里尼,埃迪·马森 / 琼安·弗洛加特 / Karen Drury,19824,8.9,英国/意大利,21世纪10年代
439,夜 La notte,剧情 / 爱情,米开朗基罗·安东尼奥尼,马塞洛·马斯楚安尼 / 让娜·莫罗 / 莫尼卡·维蒂,9674,8.8,意大利/法国,20世纪60年代
440,人工智能 Artificial Intelligence: AI,剧情 / 科幻,史蒂文·斯皮尔伯格,海利·乔·奥斯蒙 / 弗兰西丝·奥康纳 / 山姆·洛巴兹,351389,8.7,美国/英国,21世纪00年代
441,芝加哥 Chicago,喜剧 / 歌舞 / 犯罪,罗伯·马歇尔,泰雅·迪格斯 / 凯瑟琳·泽塔-琼斯 / 蕾妮·齐薇格,124388,8.8,美国/德国,21世纪00年代
442,芝加哥七君子审判 The Trial of the Chicago 7,剧情 / 历史,艾伦·索金,埃迪·雷德梅恩 / 艾利克斯·夏普 / 萨莎·拜伦·科恩,48601,8.6,美国/英国/印度,21世纪20年代
443,西线无战事 All Quiet on the Western Front,剧情 / 动作 / 历史 / 战争,刘易斯·迈尔斯通,路易斯·沃海姆 / 刘·艾尔斯 / 约翰·雷,13579,8.7,美国,20世纪30年代
444,飞向太空 Солярис,剧情 / 科幻 / 悬疑,安德烈·塔可夫斯基,纳塔莉亚·邦达尔丘克 / 多纳塔斯·巴尼奥尼斯 / 尤里·亚尔维特,17065,8.6,苏联,20世纪70年代
445,潜行者 Сталкер,剧情 / 科幻 / 悬疑,安德烈·塔可夫斯基,亚历山大·凯伊达诺夫斯基 / 阿丽萨·弗雷因德利赫 / 安纳托利·索洛尼岑,17839,8.8,苏联,20世纪70年代
446,牺牲 Offret,剧情,安德烈·塔可夫斯基,厄兰·约瑟夫森 / 苏珊·弗利特伍德 / 艾伦·埃德渥,8165,8.8,瑞典/法国/英国,20世纪80年代
447,盲山,剧情 / 犯罪,李杨,黄璐 / 杨幼安 / 贺运乐,122013,8.6,中国大陆,21世纪00年代
448,小树的故事 The Education of Little Tree,剧情,理查德·弗雷登伯格,约瑟夫·阿什顿 / 詹姆斯·克伦威尔 / 坦图·卡丁诺,4469,8.6,加拿大,20世纪90年代
449,天狗,剧情,戚健,富大龙 / 朱媛媛 / 刘子枫,25753,8.7,中国大陆,21世纪00年代
450,九品芝麻官,剧情 / 喜剧 / 古装,王晶,周星驰 / 吴孟达 / 张敏,468826,8.6,中国香港/中国大陆,20世纪90年代
451,铁达尼号沉没记 Titanic,剧情 / 动作 / 历史 / 爱情 / 灾难,罗伯特·里伯曼,彼得·盖勒 / 凯瑟琳·泽塔-琼斯 / 乔治·C·斯科特,5433,8.7,加拿大/美国,20世纪90年代
452,黑水 Dark Waters,剧情,托德·海因斯,马克·鲁弗洛 / 安妮·海瑟薇 / 蒂姆·罗宾斯,95215,8.6,美国,21世纪10年代
