,电影名称,电影类型,导演,主演,评价人数,评分,国家/地区,年代,图片
0,那天妈妈来看我 那天媽媽來看我,剧情 / 同性 / 家庭,郭春晖,白冰冰 / 吴慷仁 / 王瞳,2112,8.1,中国台湾,21世纪10年代,https://img2.doubanio.com/view/photo/s_ratio_poster/public/p2219113072.jpg
1,打开心世界 The World to Come,剧情 / 爱情 / 同性,莫娜·法斯特欧德,凯瑟琳·沃特斯顿 / 凡妮莎·柯比 / 克里斯托弗·阿波特,16147,8.2,美国,21世纪20年代,https://img3.doubanio.com/view/photo/s_ratio_poster/public/p2632936000.jpg
2,骗徒臭事多 Dirty Rotten Scoundrels,喜剧 / 犯罪,弗兰克·奥兹,史蒂夫·马丁 / 迈克尔·凯恩 / 格伦妮·海德利,6125,8.2,美国,20世纪80年代,https://img3.doubanio.com/view/photo/s_ratio_poster/public/p1096752980.jpg
3,X圣治 CURE キュア,犯罪 / 恐怖 / 悬疑 / 惊悚,黑泽清,役所广司 / 萩原圣人 / 氏木毅,9876,8.2,日本,20世纪90年代,https://img9.doubanio.com/view/photo/s_ratio_poster/public/p2247111234.jpg
4,亲爱的同志 Дорогие товарищи,剧情 / 历史,安德烈·康查洛夫斯基,朱莉娅·维斯托斯卡亚 / 弗拉迪斯拉夫·科马罗夫 / Andrey Gusev,16810,8.5,俄罗斯,21世纪20年代,https://img1.doubanio.com/view/photo/s_ratio_poster/public/p2630627669.jpg
5,壁花少年 The Perks of Being a Wallflower,剧情 / 爱情,斯蒂芬·卓博斯基,罗根·勒曼 / 艾玛·沃森 / 埃兹拉·米勒,176907,8.0,美国,21世纪10年代,https://img9.doubanio.com/view/photo/s_ratio_poster/public/p1682183756.jpg
6,秘密特工 The Man from U.N.C.L.E.,喜剧 / 动作 / 冒险,盖·里奇,亨利·卡维尔 / 艾米·汉莫 / 艾丽西亚·维坎德,133321,8.1,美国/英国,21世纪10年代,https://img2.doubanio.com/view/photo/s_ratio_poster/public/p2251290212.jpg
7,我是谁：没有绝对安全的系统 Who Am I - Kein System ist sicher,犯罪 / 悬疑 / 惊悚,巴伦·博·欧达尔,汤姆·希林 / 埃利亚斯·穆巴里克 / 沃坦·维尔克·默林,176211,8.2,德国,21世纪10年代,https://img9.doubanio.com/view/photo/s_ratio_poster/public/p2201518484.jpg
8,无间道3：终极无间 無間道III 終極無間,剧情 / 犯罪 / 惊悚,刘伟强 / 麦兆辉,梁朝伟 / 刘德华 / 黎明,265386,8.1,中国大陆/中国香港,21世纪00年代,https://img3.doubanio.com/view/photo/s_ratio_poster/public/p2527603461.jpg
9,刀,剧情 / 动作 / 武侠,徐克,赵文卓 / 熊欣欣 / 桑妮,33602,8.1,中国香港/中国大陆,20世纪90年代,https://img2.doubanio.com/view/photo/s_ratio_poster/public/p2165557623.jpg
10,小妇人 Little Women,剧情 / 爱情,格蕾塔·葛韦格,西尔莎·罗南 / 艾玛·沃森 / 弗洛伦丝·皮尤,358240,8.1,美国,21世纪10年代,https://img9.doubanio.com/view/photo/s_ratio_poster/public/p2572813215.jpg
11,碟中谍6：全面瓦解 Mission: Impossible - Fallout,动作 / 惊悚 / 冒险,克里斯托弗·麦奎里,汤姆·克鲁斯 / 亨利·卡维尔 / 文·瑞姆斯,459201,8.1,美国/中国大陆/法国/挪威/英国,21世纪10年代,https://img9.doubanio.com/view/photo/s_ratio_poster/public/p2529365085.jpg
12,碟中谍 Mission: Impossible,动作 / 冒险 / 惊悚,布莱恩·德·帕尔玛,汤姆·克鲁斯 / 强·沃特 / 艾曼纽·贝阿,219867,8.2,美国,20世纪90年代,https://img2.doubanio.com/view/photo/s_ratio_poster/public/p1660124103.jpg
13,狼少年 늑대소년,爱情 / 奇幻,赵圣熙,宋仲基 / 朴宝英 / 柳演锡,206775,8.0,韩国,21世纪10年代,https://img9.doubanio.com/view/photo/s_ratio_poster/public/p2159648145.jpg
14,滚烫的爱 湯を沸かすほどの熱い愛,剧情 / 家庭,中野量太,宫泽理惠 / 杉咲花 / 小田切让,16869,8.0,日本,21世纪10年代,https://img1.doubanio.com/view/photo/s_ratio_poster/public/p2370019558.jpg
15,贵妇失踪记 The Lady Vanishes,喜剧 / 悬疑 / 惊悚,阿尔弗雷德·希区柯克,玛格丽特·洛克伍德 / 迈克尔·雷德格瑞夫 / 保罗·卢卡斯,18476,8.0,英国,20世纪30年代,https://img1.doubanio.com/view/photo/s_ratio_poster/public/p2155703968.jpg
16,绿光 Le rayon vert,剧情 / 爱情,埃里克·侯麦,玛丽·里维埃 / Amira Chemakhi / Sylvie Richez,22040,8.1,法国,20世纪80年代,https://img9.doubanio.com/view/photo/s_ratio_poster/public/p2178171016.jpg
17,马丁·伊登 Martin Eden,剧情,皮耶特罗·马切罗,卢卡·马里内利 / 杰西卡·塞西 / 文森佐·内莫拉托,11759,8.0,意大利/法国/德国,21世纪10年代,https://img3.doubanio.com/view/photo/s_ratio_poster/public/p2578760530.jpg
18,金陵十三钗,剧情 / 历史 / 战争,张艺谋,克里斯蒂安·贝尔 / 倪妮 / 张歆怡,564489,8.2,中国大陆/中国香港,21世纪10年代,https://img2.doubanio.com/view/photo/s_ratio_poster/public/p1322247572.jpg
19,初恋这首情歌 Sing Street,剧情 / 爱情 / 音乐,约翰·卡尼,福迪亚·瓦尔什-匹罗 / 露西·宝通 / 杰克·莱诺,99474,8.2,爱尔兰/英国/美国,21世纪10年代,https://img1.doubanio.com/view/photo/s_ratio_poster/public/p2615284298.jpg
20,利刃出鞘 Knives Out,剧情 / 喜剧 / 犯罪 / 悬疑,莱恩·约翰逊,丹尼尔·克雷格 / 安娜·德·阿玛斯 / 克里斯·埃文斯,650008,8.2,美国,21世纪10年代,https://img1.doubanio.com/view/photo/s_ratio_poster/public/p2574172427.jpg
21,"男孩与鹈鹕 Nicostratos, le Pélican",喜剧,Olivier Horlait,弗朗索瓦-格扎维埃·德梅松 / 埃米尔·库斯图里卡,6742,8.1,法国,21世纪10年代,https://img3.doubanio.com/view/photo/s_ratio_poster/public/p1029880661.jpg
22,天涯海角,剧情 / 爱情,李志毅,金城武 / 陈慧琳 / 王敏德,8372,8.0,中国香港,20世纪90年代,https://img1.doubanio.com/view/photo/s_ratio_poster/public/p2544056767.jpg
23,黑暗面 La cara oculta,剧情 / 悬疑 / 惊悚,安德烈斯·拜斯,基姆·古铁雷斯 / 克拉拉·拉戈 / 玛蒂娜·加西亚,174758,8.2,哥伦比亚/西班牙,21世纪10年代,https://img2.doubanio.com/view/photo/s_ratio_poster/public/p1214121742.jpg
24,"诺斯费拉图 Nosferatu, eine Symphonie des Grauens",奇幻 / 恐怖,F·W·茂瑙,马科斯·夏瑞克 / 约翰·戈托特 / 格里塔·斯楚瑞德,11342,8.2,德国,20世纪20年代,https://img9.doubanio.com/view/photo/s_ratio_poster/public/p2204470274.jpg
25,买凶拍人 買兇拍人,犯罪 / 动作 / 喜剧,彭浩翔,葛民辉 / 张达明 / 詹瑞文,126179,8.2,中国香港,21世纪00年代,https://img2.doubanio.com/view/photo/s_ratio_poster/public/p1361412292.jpg
26,闪电奇迹 Powder,剧情 / 悬疑 / 奇幻,维克多·萨尔瓦,玛丽·斯汀伯根 / 肖恩·派特里克·弗兰纳里 / 兰斯·亨利克森,8934,8.1,美国,20世纪90年代,https://img2.doubanio.com/view/photo/s_ratio_poster/public/p703773083.jpg
27,爱情是狗娘 Amores perros,剧情 / 惊悚,亚历杭德罗·冈萨雷斯·伊纳里图,盖尔·加西亚·贝纳尔 / Emilio Echevarría / Álvaro Guerrero,44876,8.2,墨西哥,21世纪00年代,https://img1.doubanio.com/view/photo/s_ratio_poster/public/p627345397.jpg
28,逆光飞翔 逆光飛翔,剧情 / 爱情,张荣吉,张榕容 / 黄裕翔 / 李烈,87285,8.2,中国台湾,21世纪10年代,https://img3.doubanio.com/view/photo/s_ratio_poster/public/p1598751480.jpg
29,艾德·伍德 Ed Wood,传记 / 喜剧 / 剧情,蒂姆·波顿,约翰尼·德普 / 莎拉·杰茜卡·帕克 / 比尔·默瑞,24176,8.2,美国,20世纪90年代,https://img1.doubanio.com/view/photo/s_ratio_poster/public/p1704315869.jpg
30,地道战,战争,任旭东,朱龙广 / 张勇手 / 刘秀杰,56641,8.2,中国大陆,20世纪60年代,https://img3.doubanio.com/view/photo/s_ratio_poster/public/p2551228401.jpg
31,怒火青春 La Haine,犯罪 / 剧情,马修·卡索维茨,文森特·卡索 / 哈勃·孔黛 / 萨伊德·塔格马奥,13793,8.2,法国,20世纪90年代,https://img1.doubanio.com/view/photo/s_ratio_poster/public/p2494416659.jpg
32,那些年，我们一起追的女孩 那些年，我們一起追的女孩,剧情 / 喜剧 / 爱情,九把刀,柯震东 / 陈妍希 / 敖犬,776817,8.1,中国台湾,21世纪10年代,https://img9.doubanio.com/view/photo/s_ratio_poster/public/p1348910586.jpg
33,神秘列车 Mystery Train,喜剧 / 犯罪 / 剧情,吉姆·贾木许,永濑正敏 / 工藤夕贵 / 茱迪·马克尔,11702,8.2,日本/美国,20世纪80年代,https://img1.doubanio.com/view/photo/s_ratio_poster/public/p459490157.jpg
34,亚特兰蒂斯之心 Hearts in Atlantis,剧情 / 悬疑,斯科特·希克斯,安东尼·霍普金斯 / 安东·叶利钦 / 霍普·戴维斯,7824,8.1,美国/澳大利亚,21世纪00年代,https://img1.doubanio.com/view/photo/s_ratio_poster/public/p1420011408.jpg
35,眼镜 めがね,喜剧 / 剧情,荻上直子,小林聪美 / 加濑亮 / 市川实日子,9174,8.1,日本,21世纪00年代,https://img2.doubanio.com/view/photo/s_ratio_poster/public/p508630582.jpg
36,半斤八两 半斤八兩,喜剧,许冠文,许冠文 / 许冠杰 / 许冠英,21134,8.2,中国香港,20世纪70年代,https://img1.doubanio.com/view/photo/s_ratio_poster/public/p1606347997.jpg
37,杀手没有假期 In Bruges,剧情 / 喜剧 / 犯罪,马丁·麦克唐纳,科林·法瑞尔 / 布莱丹·格里森 / 克蕾曼丝·波西,121258,8.1,英国/美国,21世纪00年代,https://img2.doubanio.com/view/photo/s_ratio_poster/public/p2173386253.jpg
38,葬礼上的死亡 Death at a Funeral,喜剧,弗兰克·奥兹,马修·麦克费登 / 凯莉·霍威 / 安迪·尼曼,68330,8.1,英国/美国/德国/荷兰,21世纪00年代,https://img1.doubanio.com/view/photo/s_ratio_poster/public/p501057857.jpg
39,X战警：第一战 X-Men: First Class,动作 / 剧情 / 科幻,马修·沃恩,詹姆斯·麦卡沃伊 / 迈克尔·法斯宾德 / 凯文·贝肯,302778,8.2,美国/英国,21世纪10年代,https://img1.doubanio.com/view/photo/s_ratio_poster/public/p956878707.jpg
40,姐姐的守护者 My Sister's Keeper,剧情 / 家庭,尼克·卡萨维蒂,卡梅隆·迪亚兹 / 阿比盖尔·布雷斯林 / 苏菲亚·威希涅瓦,56045,8.2,美国,21世纪00年代,https://img1.doubanio.com/view/photo/s_ratio_poster/public/p650019299.jpg
41,木兰花 Magnolia,剧情,保罗·托马斯·安德森,朱丽安·摩尔 / 威廉姆·H·梅西 / 约翰·C·赖利,26023,8.2,美国,20世纪90年代,https://img1.doubanio.com/view/photo/s_ratio_poster/public/p2189098969.jpg
42,破浪 Breaking the Waves,剧情 / 爱情,拉斯·冯·提尔,艾米丽·沃森 / 斯特兰·斯卡斯加德 / 凯特琳·卡特利吉,13865,8.1,丹麦/瑞典/法国/荷兰/挪威/冰岛/西班牙/英国,20世纪90年代,https://img2.doubanio.com/view/photo/s_ratio_poster/public/p762255833.jpg
43,离魂异客 Dead Man,剧情 / 西部 / 奇幻 / 冒险,吉姆·贾木许,约翰尼·德普 / 加利·法梅尔 / 克里斯平·格洛弗,18272,8.1,美国/德国/日本,20世纪90年代,https://img1.doubanio.com/view/photo/s_ratio_poster/public/p2155134187.jpg
44,魂断威尼斯 Morte a Venezia,剧情 / 同性,卢基诺·维斯康蒂,德克·博加德 / 罗慕洛·瓦利 / 马克·伯恩斯,22086,8.2,意大利/法国,20世纪70年代,https://img1.doubanio.com/view/photo/s_ratio_poster/public/p2003694039.jpg
45,阿黛尔·雨果的故事 L'histoire d'Adèle H.,传记 / 剧情 / 历史,弗朗索瓦·特吕弗,伊莎贝尔·阿佳妮 / 布鲁斯·罗宾逊 / Sylvia Marriott,16146,8.0,法国,20世纪70年代,https://img1.doubanio.com/view/photo/s_ratio_poster/public/p1483320569.jpg
46,罗拉快跑 Lola rennt,动作 / 犯罪 / 惊悚,汤姆·提克威,弗朗卡·波滕特 / 莫里兹·布雷多 / 赫伯特·克瑙普,206504,8.1,德国,20世纪90年代,https://img3.doubanio.com/view/photo/s_ratio_poster/public/p2574867081.jpg
47,巴顿·芬克 Barton Fink,剧情 / 喜剧 / 惊悚,乔尔·科恩 / 伊桑·科恩,约翰·特托罗 / 约翰·古德曼 / 朱迪·戴维斯,29288,8.1,美国/英国,20世纪90年代,https://img9.doubanio.com/view/photo/s_ratio_poster/public/p1058380546.jpg
48,情定日落桥 A Little Romance,喜剧 / 爱情,乔治·罗伊·希尔,戴安·琳恩 / 劳伦斯·奥利弗 / 特罗尼亚斯·伯纳德,8099,8.2,法国/美国,20世纪70年代,https://img1.doubanio.com/view/photo/s_ratio_poster/public/p1126290487.jpg
49,茶之味 茶の味,喜剧 / 剧情,石井克人,浅野忠信 / 坂野真弥 / 佐藤贵广,5799,8.2,日本,21世纪00年代,https://img3.doubanio.com/view/photo/s_ratio_poster/public/p661324770.jpg
50,小小的白色谎言 Les petits mouchoirs,喜剧 / 剧情,吉约姆·卡内,玛丽昂·歌迪亚 / 伯努瓦·马吉梅尔 / 弗朗索瓦·克鲁塞,14783,8.2,法国,21世纪10年代,https://img1.doubanio.com/view/photo/s_ratio_poster/public/p693375939.jpg
51,听说 聽說,剧情 / 爱情,郑芬芬,彭于晏 / 陈意涵 / 陈妍希,356029,8.1,中国台湾,21世纪00年代,https://img9.doubanio.com/view/photo/s_ratio_poster/public/p2250788664.jpg
52,纯真年代 The Age of Innocence,剧情 / 爱情,马丁·斯科塞斯,丹尼尔·戴-刘易斯 / 米歇尔·菲佛 / 薇诺娜·瑞德,48030,8.2,美国,20世纪90年代,https://img1.doubanio.com/view/photo/s_ratio_poster/public/p2217023868.jpg
53,非常公寓 L'appartement,剧情 / 悬疑 / 爱情,吉勒斯·米莫尼,罗曼娜·波琳热 / 文森特·卡索 / 让-菲利普·艾科菲,19230,8.2,法国/西班牙/意大利,20世纪90年代,https://img1.doubanio.com/view/photo/s_ratio_poster/public/p581851559.jpg
54,去年在马里昂巴德 L'année dernière à Marienbad,剧情 / 爱情 / 悬疑,阿伦·雷乃,德菲因·塞里格 / 乔治·阿尔贝塔齐 / 萨夏·皮托埃夫,16004,8.2,法国/意大利,20世纪60年代,https://img9.doubanio.com/view/photo/s_ratio_poster/public/p2186651056.jpg
55,小鬼当街 Baby's Day Out,喜剧 / 冒险,帕特里克·里德·约翰逊,亚当·罗伯特·沃顿 / 雅各布·约瑟夫·沃顿 / 乔·曼特纳,44127,8.2,美国,20世纪90年代,https://img3.doubanio.com/view/photo/s_ratio_poster/public/p2539524010.jpg
56,第三人 The Third Man,黑色电影 / 悬疑 / 惊悚,卡罗尔·里德,约瑟夫·科顿 / 阿莉达·瓦利 / 奥逊·威尔斯,17775,8.2,英国,20世纪40年代,https://img9.doubanio.com/view/photo/s_ratio_poster/public/p2193745066.jpg
57,不准掉头 U Turn,犯罪 / 剧情 / 惊悚,奥利佛·斯通,西恩·潘 / 尼克·诺特 / 詹妮弗·洛佩兹,12727,8.0,法国/美国,20世纪90年代,https://img1.doubanio.com/view/photo/s_ratio_poster/public/p462535118.jpg
58,死亡实验 Das Experiment,剧情 / 惊悚,奥利弗·希施比格尔,莫里兹·布雷多 / 克里斯蒂安·贝克尔 / 奥列佛·斯托科斯基,27633,8.0,德国,21世纪00年代,https://img9.doubanio.com/view/photo/s_ratio_poster/public/p2212665365.jpg
59,为黛西小姐开车 Driving Miss Daisy,喜剧 / 剧情,布鲁斯·贝尔斯福德,摩根·弗里曼 / 杰西卡·坦迪 / 丹·艾克罗伊德,28785,8.2,美国,20世纪80年代,https://img1.doubanio.com/view/photo/s_ratio_poster/public/p861513408.jpg
60,龙纹身的女孩 The Girl with the Dragon Tattoo,剧情 / 犯罪 / 悬疑 / 惊悚,大卫·芬奇,丹尼尔·克雷格 / 鲁妮·玛拉 / 克里斯托弗·普卢默,205600,8.0,美国/瑞典/挪威,21世纪10年代,https://img1.doubanio.com/view/photo/s_ratio_poster/public/p1473779689.jpg
61,复仇者联盟 The Avengers,动作 / 科幻 / 奇幻 / 冒险,乔斯·韦登,小罗伯特·唐尼 / 克里斯·埃文斯 / 斯嘉丽·约翰逊,580782,8.2,美国,21世纪10年代,https://img1.doubanio.com/view/photo/s_ratio_poster/public/p1469137689.jpg
62,花魁 さくらん,剧情 / 历史,蜷川实花,土屋安娜 / 木村佳乃 / 安藤政信,74221,8.1,日本,21世纪00年代,https://img1.doubanio.com/view/photo/s_ratio_poster/public/p656858958.jpg
63,万世魔星 Life of Brian,喜剧,特瑞·琼斯,格雷厄姆·查普曼 / 约翰·克里斯 / 特瑞·吉列姆,9282,8.0,英国,20世纪70年代,https://img2.doubanio.com/view/photo/s_ratio_poster/public/p1425774362.jpg
64,睁开你的双眼 Abre los ojos,剧情 / 爱情 / 科幻 / 悬疑 / 惊悚,亚历杭德罗·阿梅纳瓦尔,爱德华多·诺列加 / 佩内洛普·克鲁兹 / 费雷·马丁内兹,15083,8.0,西班牙/法国/意大利,20世纪90年代,https://img1.doubanio.com/view/photo/s_ratio_poster/public/p828428718.jpg
65,爱疯狂 C.R.A.Z.Y.,喜剧 / 同性 / 家庭,让-马克·瓦雷,米歇尔·寇特 / 马克-安德烈·格隆丁 / 丹妮尔·普罗克斯,5960,8.0,加拿大,21世纪00年代,https://img2.doubanio.com/view/photo/s_ratio_poster/public/p490646072.jpg
66,人咬狗 C'est arrivé près de chez vous,喜剧 / 犯罪 / 剧情 / 惊悚,Rémy Belvaux / André Bonzel / 伯努瓦·波尔沃德,伯努瓦·波尔沃德 / Jacqueline Poelvoorde-Pappaert / Jenny Drye,6772,8.0,比利时,20世纪90年代,https://img2.doubanio.com/view/photo/s_ratio_poster/public/p2204694302.jpg
67,变形金刚 Transformers,动作 / 科幻,迈克尔·贝,希亚·拉博夫 / 梅根·福克斯 / 乔什·杜哈明,406435,8.3,美国,21世纪00年代,https://img9.doubanio.com/view/photo/s_ratio_poster/public/p1188042816.jpg
68,疯狂店员 Clerks,喜剧,凯文·史密斯,布莱恩·奥哈罗兰 / 杰夫·安德森 / 玛丽琳·吉格洛尔蒂,20101,8.1,美国,20世纪90年代,https://img2.doubanio.com/view/photo/s_ratio_poster/public/p1203262182.jpg
69,没有我的日子 My Life Without Me,剧情 / 爱情,伊莎贝尔·科赛特,萨拉·波莉 / 阿曼达·普拉莫 / 马克·鲁弗洛,4988,8.0,加拿大/西班牙,21世纪00年代,https://img1.doubanio.com/view/photo/s_ratio_poster/public/p563068558.jpg
70,穿越美国 Transamerica,剧情 / 喜剧 / 冒险,邓肯·塔克,菲丽西提·霍夫曼 / 凯文·席格斯 / 丹尼·伯斯坦,11145,8.2,美国,21世纪00年代,https://img1.doubanio.com/view/photo/s_ratio_poster/public/p2342279728.jpg
71,"养子十五岁 Patrik 1,5",剧情 / 喜剧 / 同性,埃拉·列姆哈根,古斯塔·斯卡斯加德 / 托克尔·彼特森 / 汤姆·柳恩格曼,16030,8.1,瑞典,21世纪00年代,https://img3.doubanio.com/view/photo/s_ratio_poster/public/p2365512421.jpg
72,幸福的黄手帕 幸福の黄色いハンカチ,喜剧 / 剧情,山田洋次,高仓健 / 倍赏千惠子 / 桃井薰,11321,8.2,日本,20世纪70年代,https://img9.doubanio.com/view/photo/s_ratio_poster/public/p1864688186.jpg
73,和莎莫的500天 (500) Days of Summer,剧情 / 喜剧 / 爱情,马克·韦布,约瑟夫·高登-莱维特 / 佐伊·丹斯切尔 / 吉奥弗瑞·阿伦德,401103,8.0,美国,21世纪00年代,https://img2.doubanio.com/view/photo/s_ratio_poster/public/p455251312.jpg
74,第九区 District 9,动作 / 剧情 / 科幻 / 惊悚,尼尔·布洛姆坎普,沙尔托·科普雷 / 詹森·库伯 / 娜塔莉·博尔特,378452,8.3,美国/新西兰/加拿大/南非,21世纪00年代,https://img1.doubanio.com/view/photo/s_ratio_poster/public/p1086352249.jpg
75,成事在人 Invictus,传记 / 剧情 / 历史 / 运动,克林特·伊斯特伍德,摩根·弗里曼 / 马特·达蒙 / 托尼·戈罗奇,40669,8.2,美国,21世纪00年代,https://img2.doubanio.com/view/photo/s_ratio_poster/public/p1054037032.jpg
76,珍爱 Precious,剧情,李·丹尼尔斯,加布蕾·丝迪贝 / 莫妮克 / 宝拉·巴顿,34356,8.1,美国,21世纪00年代,https://img9.doubanio.com/view/photo/s_ratio_poster/public/p558068336.jpg
77,囚室211 Celda 211,动作 / 剧情,丹尼尔·蒙宗,路易斯·托萨尔 / 阿尔维托·阿曼 / 安东尼奥·雷西内斯,38064,8.0,西班牙/法国,21世纪00年代,https://img1.doubanio.com/view/photo/s_ratio_poster/public/p1622684528.jpg
78,爸...你好吗？ 爸... 你好嗎？,剧情,张作骥,高捷 / 纪培慧 / 张捷,7584,8.2,中国台湾,21世纪00年代,https://img1.doubanio.com/view/photo/s_ratio_poster/public/p459565569.jpg
79,尽情游戏 Micmacs à tire-larigot,喜剧 / 犯罪,让-皮埃尔·热内,丹尼·伯恩 / 安德烈·杜索里埃 / 多米尼克·皮侬,28101,8.0,法国,21世纪00年代,https://img2.doubanio.com/view/photo/s_ratio_poster/public/p471709282.jpg
80,无姓之人 Mr. Nobody,剧情 / 爱情 / 科幻 / 奇幻,雅克·范·多梅尔,杰瑞德·莱托 / 萨拉·波莉 / 黛安·克鲁格,101866,8.2,加拿大/比利时/法国/德国,21世纪00年代,https://img9.doubanio.com/view/photo/s_ratio_poster/public/p2133687605.jpg
81,蕾蒙娜和姐姐 Ramona and Beezus,喜剧 / 家庭,伊丽莎白·艾伦,乔伊·金 / 赛琳娜·戈麦斯 / 约翰·考伯特,20920,8.0,美国,21世纪10年代,https://img3.doubanio.com/view/photo/s_ratio_poster/public/p544485781.jpg
82,127小时 127 Hours,剧情 / 传记 / 冒险,丹尼·博伊尔,詹姆斯·弗兰科 / 丽兹·卡潘 / 凯特·玛拉,121012,8.1,美国/英国,21世纪10年代,https://img9.doubanio.com/view/photo/s_ratio_poster/public/p839469694.jpg
83,弟弟 おとうと,剧情,山田洋次,苍井优 / 加濑亮 / 石田百合子,10012,8.1,日本,21世纪10年代,https://img2.doubanio.com/view/photo/s_ratio_poster/public/p544551472.jpg
84,社交网络 The Social Network,剧情 / 传记,大卫·芬奇,杰西·艾森伯格 / 安德鲁·加菲尔德 / 贾斯汀·汀布莱克,396065,8.2,美国,21世纪10年代,https://img9.doubanio.com/view/photo/s_ratio_poster/public/p2553756806.jpg
85,甜言蜜语 甜言蜜語,爱情,赵崇基,古天乐 / 蒙嘉慧 / 黄浩然,8811,8.2,中国香港,20世纪90年代,https://img1.doubanio.com/view/photo/s_ratio_poster/public/p1327882479.jpg
86,心灵驿站 The Station Agent,喜剧 / 剧情,汤姆·麦卡锡,彼特·丁拉基 / 乔什·帕斯 / 保罗·本杰明,6754,8.0,美国,21世纪00年代,https://img9.doubanio.com/view/photo/s_ratio_poster/public/p831480464.jpg
87,性爱宝典 Everything You Always Wanted to Know About Sex * But Were Afraid to Ask,喜剧 / 情色,伍迪·艾伦,伍迪·艾伦 / 约翰·卡拉丁 / 托尼·霍尔特,17292,8.0,美国,20世纪70年代,https://img1.doubanio.com/view/photo/s_ratio_poster/public/p2506003739.jpg
88,罗塞塔 Rosetta,剧情,让-皮埃尔·达内 / 吕克·达内,艾米莉·德奎恩 / 法布里齐奥·隆吉奥内 / 安妮·耶和诺,11238,8.2,法国/比利时,20世纪90年代,https://img9.doubanio.com/view/photo/s_ratio_poster/public/p2187719666.jpg
89,弹簧折刀 Sling Blade,剧情,比利·鲍伯·松顿,比利·鲍伯·松顿 / 卢卡斯·布莱克 / 约翰·瑞特,6848,8.1,美国,20世纪90年代,https://img9.doubanio.com/view/photo/s_ratio_poster/public/p2320535786.jpg
90,爱你长久 Il y a longtemps que je t'aime,剧情 / 悬疑,菲利浦·克洛代尔,克里斯汀·斯科特·托马斯 / 艾尔莎·泽贝斯坦 / 塞尔奇·哈赛纳维奇,14890,8.2,法国/德国,21世纪00年代,https://img3.doubanio.com/view/photo/s_ratio_poster/public/p459545990.jpg
91,我们的幸福时光 우리들의 행복한 시간,爱情,宋海星,李奈映 / 姜栋元 / 姜信日,25460,8.1,韩国,21世纪00年代,https://img2.doubanio.com/view/photo/s_ratio_poster/public/p472182473.jpg
92,西北偏北 North by Northwest,悬疑 / 惊悚 / 冒险,阿尔弗雷德·希区柯克,加里·格兰特 / 爱娃·玛丽·森特 / 詹姆斯·梅森,81316,8.3,美国,20世纪50年代,https://img3.doubanio.com/view/photo/s_ratio_poster/public/p1769720671.jpg
93,黑店狂想曲 Delicatessen,喜剧 / 奇幻,马克·卡罗 / 让-皮埃尔·热内,帕斯卡尔·贝内泽 / 多米尼克·皮侬 / 玛丽-洛尔·杜尼亚克,42588,8.0,法国,20世纪90年代,https://img9.doubanio.com/view/photo/s_ratio_poster/public/p1969387376.jpg
94,欢迎来到东莫村 웰컴 투 동막골,喜剧 / 剧情 / 战争,朴光铉,申河均 / 郑在咏 / 姜惠贞,54105,8.2,韩国,21世纪00年代,https://img1.doubanio.com/view/photo/s_ratio_poster/public/p1171939157.jpg
95,华尔街 Wall Street,犯罪 / 剧情,奥利佛·斯通,查理·辛 / 迈克尔·道格拉斯 / 达丽尔·汉纳,49296,8.2,美国,20世纪80年代,https://img2.doubanio.com/view/photo/s_ratio_poster/public/p2215746342.jpg
96,如月疑云 キサラギ,喜剧 / 悬疑,佐藤祐市,小栗旬 / 中山裕介 / 小出惠介,47958,8.1,日本,21世纪00年代,https://img9.doubanio.com/view/photo/s_ratio_poster/public/p655393674.jpg
97,处刑人 The Boondock Saints,动作 / 犯罪 / 剧情 / 惊悚,特洛伊·达菲,威廉·达福 / 肖恩·派特里克·弗兰纳里 / 诺曼·瑞杜斯,42953,8.2,美国/加拿大,20世纪90年代,https://img3.doubanio.com/view/photo/s_ratio_poster/public/p921876170.jpg
98,香料共和国 Πολίτικη κουζίνα,剧情 / 喜剧,Tassos Boulmetis,Georges Corraface / Ieroklis Michaelidis / Renia Louizidou,4678,8.1,希腊/土耳其,21世纪00年代,https://img3.doubanio.com/view/photo/s_ratio_poster/public/p2134761381.jpg
99,新桥恋人 Les amants du Pont-Neuf,剧情 / 爱情,莱奥·卡拉克斯,朱丽叶·比诺什 / 德尼·拉旺,39974,8.1,法国,20世纪90年代,https://img2.doubanio.com/view/photo/s_ratio_poster/public/p581792602.jpg
100,叶塞尼亚 Yesenia,剧情 / 爱情,阿尔弗雷多·克雷维纳,杰奎琳·安德瑞 / 乔治·拉瓦特 / 艾尔玛·洛扎诺,6834,8.2,墨西哥,20世纪70年代,https://img9.doubanio.com/view/photo/s_ratio_poster/public/p2560631154.jpg
101,偷龙转凤 How to Steal a Million,喜剧 / 犯罪 / 爱情,威廉·惠勒,奥黛丽·赫本 / 彼得·奥图尔 / 埃里·瓦拉赫,9732,8.1,美国,20世纪60年代,https://img9.doubanio.com/view/photo/s_ratio_poster/public/p1077594334.jpg
102,惊曝内幕 The Insider,传记 / 剧情 / 惊悚,迈克尔·曼,阿尔·帕西诺 / 罗素·克劳 / 克里斯托弗·普卢默,21123,8.2,美国,20世纪90年代,https://img1.doubanio.com/view/photo/s_ratio_poster/public/p827331728.jpg
103,深渊 The Abyss,剧情 / 科幻 / 惊悚 / 冒险,詹姆斯·卡梅隆,艾德·哈里斯 / 玛丽·伊丽莎白·马斯特兰托尼奥 / 迈克尔·比恩,32098,8.0,美国,20世纪80年代,https://img1.doubanio.com/view/photo/s_ratio_poster/public/p2209378207.jpg
104,天生爱情狂 Don Juan DeMarco,喜剧 / 剧情 / 爱情,杰里米·莱文,约翰尼·德普 / 马龙·白兰度 / 费·唐纳薇,16904,8.1,美国,20世纪90年代,https://img1.doubanio.com/view/photo/s_ratio_poster/public/p1710894798.jpg
105,欢迎来北方 Bienvenue chez les Ch'tis,喜剧,丹尼·伯恩,凯德·麦拉德 / 丹尼·伯恩 / 佐伊·费利克斯,27466,8.1,法国,21世纪00年代,https://img2.doubanio.com/view/photo/s_ratio_poster/public/p2557468422.jpg
106,成为简·奥斯汀 Becoming Jane,传记 / 剧情 / 爱情,朱里安·杰拉德,安妮·海瑟薇 / 詹姆斯·麦卡沃伊 / 朱丽·沃特斯,218750,8.3,英国/爱尔兰,21世纪00年代,https://img2.doubanio.com/view/photo/s_ratio_poster/public/p1284506783.jpg
107,老枪 Le vieux fusil,剧情 / 惊悚 / 战争,罗贝尔·恩里科,菲利普·努瓦雷 / 罗密·施奈德 / 让·布伊兹,6814,8.2,法国/西德,20世纪70年代,https://img2.doubanio.com/view/photo/s_ratio_poster/public/p2219594603.jpg
108,成为约翰·马尔科维奇 Being John Malkovich,喜剧 / 剧情 / 奇幻 / 爱情,斯派克·琼斯,约翰·库萨克 / 卡梅隆·迪亚兹 / 凯瑟琳·基纳,54294,8.3,美国,20世纪90年代,https://img1.doubanio.com/view/photo/s_ratio_poster/public/p1087658057.jpg
109,心动 心動,爱情,张艾嘉,金城武 / 梁咏琪 / 莫文蔚,76326,8.2,中国香港/日本,20世纪90年代,https://img2.doubanio.com/view/photo/s_ratio_poster/public/p482116733.jpg
110,喋血街头 喋血街頭,剧情 / 动作 / 犯罪 / 惊悚,吴宇森,梁朝伟 / 张学友 / 李子雄,39918,8.2,中国香港,20世纪90年代,https://img3.doubanio.com/view/photo/s_ratio_poster/public/p1329107141.jpg
111,不夜城,剧情 / 爱情,李志毅,金城武 / 山本未来 / 椎名桔平,22546,8.2,中国香港/日本,20世纪90年代,https://img3.doubanio.com/view/photo/s_ratio_poster/public/p643108501.jpg
112,童梦失魂夜 La cité des enfants perdus,科幻 / 奇幻,马克·卡罗 / 让-皮埃尔·热内,朗·普尔曼 / 丹尼尔·埃米尔福克 / 嘉蒂斯·维泰特,8928,7.9,法国/德国/西班牙/比利时/美国,20世纪90年代,https://img9.doubanio.com/view/photo/s_ratio_poster/public/p660534785.jpg
113,天才一族 The Royal Tenenbaums,剧情 / 喜剧 / 家庭,韦斯·安德森,吉恩·哈克曼 / 安杰丽卡·休斯顿 / 本·斯蒂勒,36883,8.1,美国,21世纪00年代,https://img9.doubanio.com/view/photo/s_ratio_poster/public/p456224494.jpg
114,红色沙漠 Il deserto rosso,剧情,米开朗基罗·安东尼奥尼,莫尼卡·维蒂 / 理查德·哈里斯 / Carlo Chionetti,14324,8.0,意大利/法国,20世纪60年代,https://img2.doubanio.com/view/photo/s_ratio_poster/public/p2248487533.jpg
115,野战排 Platoon,动作 / 剧情 / 战争,奥利佛·斯通,威廉·达福 / 查理·辛 / 汤姆·贝伦杰,37082,8.2,美国/英国,20世纪80年代,https://img3.doubanio.com/view/photo/s_ratio_poster/public/p1596877271.jpg
116,男孩A Boy A,剧情 / 犯罪,约翰·克劳利,安德鲁·加菲尔德 / 彼得·穆兰 / 希欧布罕·芬内朗,23769,8.2,英国,21世纪00年代,https://img9.doubanio.com/view/photo/s_ratio_poster/public/p574349406.jpg
117,夺魂索 Rope,犯罪 / 悬疑 / 惊悚,阿尔弗雷德·希区柯克,约翰·道尔 / 法利·格兰杰 / 詹姆斯·斯图尔特,39842,8.1,美国,20世纪40年代,https://img2.doubanio.com/view/photo/s_ratio_poster/public/p2154845412.jpg
118,东京奏鸣曲 トウキョウソナタ,剧情,黑泽清,香川照之 / 小泉今日子 / 井之胁海,19621,8.1,日本/荷兰/中国香港,21世纪00年代,https://img2.doubanio.com/view/photo/s_ratio_poster/public/p1287238832.jpg
119,卡蜜儿·克劳岱尔 Camille Claudel,传记 / 剧情 / 历史 / 爱情,布鲁诺·努坦,伊莎贝尔·阿佳妮 / 热拉尔·德帕迪约 / 玛德琳尼·罗宾森,25261,8.2,法国,20世纪80年代,https://img1.doubanio.com/view/photo/s_ratio_poster/public/p2388254938.jpg
120,对话尼克松 Frost/Nixon,剧情 / 传记 / 历史,朗·霍华德,弗兰克·兰格拉 / 麦克·辛 / 山姆·洛克威尔,15113,8.0,美国/英国/法国,21世纪00年代,https://img1.doubanio.com/view/photo/s_ratio_poster/public/p1375467209.jpg
121,几近成名 Almost Famous,剧情 / 音乐,卡梅伦·克罗,比利·克鲁德普 / 弗兰西斯·麦克多蒙德 / 凯特·哈德森,26103,8.0,美国,21世纪00年代,https://img3.doubanio.com/view/photo/s_ratio_poster/public/p2453284980.jpg
122,红色小提琴 Le violon rouge,剧情 / 爱情 / 悬疑 / 音乐,弗朗索瓦·吉拉德,卡洛·切基 / 让-吕克·比多 / 张艾嘉,15350,8.2,加拿大/意大利/英国,20世纪90年代,https://img9.doubanio.com/view/photo/s_ratio_poster/public/p1486350295.jpg
123,蒂凡尼的早餐 Breakfast at Tiffany's,喜剧 / 剧情 / 爱情,布莱克·爱德华兹,奥黛丽·赫本 / 乔治·佩帕德 / 帕德里夏·妮尔,203219,8.1,美国,20世纪60年代,https://img2.doubanio.com/view/photo/s_ratio_poster/public/p1114467603.jpg
124,回归 Volver,喜剧 / 犯罪 / 剧情 / 悬疑,佩德罗·阿莫多瓦,佩内洛普·克鲁兹 / 卡门·毛拉 / 洛拉·杜埃尼亚斯,38782,8.1,西班牙,21世纪00年代,https://img9.doubanio.com/view/photo/s_ratio_poster/public/p2213137026.jpg
125,银河系漫游指南 The Hitchhiker's Guide to the Galaxy,冒险 / 喜剧 / 科幻,加斯·詹宁斯,马丁·弗瑞曼 / 茅斯·达夫 / 山姆·洛克威尔,105595,8.1,美国/英国,21世纪00年代,https://img2.doubanio.com/view/photo/s_ratio_poster/public/p1985335323.jpg
126,花与爱丽丝 花とアリス,剧情 / 喜剧 / 爱情,岩井俊二,铃木杏 / 苍井优 / 郭智博,178100,8.1,日本,21世纪00年代,https://img1.doubanio.com/view/photo/s_ratio_poster/public/p2196652087.jpg
127,四月物语 四月物語,爱情,岩井俊二,松隆子 / 田边诚一 / 藤井香织,150189,8.2,日本,20世纪90年代,https://img1.doubanio.com/view/photo/s_ratio_poster/public/p2107289058.jpg
128,大逃杀 バトル・ロワイアル,剧情 / 科幻 / 惊悚,深作欣二,藤原龙也 / 前田亚季 / 山本太郎,179931,8.0,日本,21世纪00年代,https://img1.doubanio.com/view/photo/s_ratio_poster/public/p1071682909.jpg
129,空房间 빈집,剧情 / 爱情 / 犯罪,金基德,在熙 / 李成延 / 李忠秀,143670,8.0,韩国,21世纪00年代,https://img1.doubanio.com/view/photo/s_ratio_poster/public/p462432458.jpg
130,追风筝的人 The Kite Runner,剧情,马克·福斯特,赫立德·阿卜杜拉 / 阿托莎·利奥妮 / 肖恩·托布 ,146471,8.2,美国/中国大陆/英国/阿富汗,21世纪00年代,https://img2.doubanio.com/view/photo/s_ratio_poster/public/p956325412.jpg
131,时光驻留 Le temps qui reste,剧情 / 同性,弗朗索瓦·欧容,梅尔维尔·珀波 / 让娜·莫罗 / 瓦莱丽亚·布鲁尼·泰德斯基,15836,8.1,法国,21世纪00年代,https://img2.doubanio.com/view/photo/s_ratio_poster/public/p2244194842.jpg
132,妖夜慌踪 Lost Highway,悬疑 / 惊悚,大卫·林奇,比尔·普尔曼 / 帕特丽夏·阿奎特 / 巴萨扎·盖提,24695,8.1,法国/美国,20世纪90年代,https://img3.doubanio.com/view/photo/s_ratio_poster/public/p2040157660.jpg
133,本X Ben X,剧情,尼克·巴斯阿扎,格雷格·提姆曼斯 / Laura Verlinden / Pol Goossen,11330,8.0,比利时/荷兰,21世纪00年代,https://img2.doubanio.com/view/photo/s_ratio_poster/public/p1751771543.jpg
134,人体雕像 Taxidermia,剧情,乔治·巴勒菲,查巴·策勒 / 格雷戈里·特罗萨尼 / 马克·比肖夫,8629,8.0,匈牙利/奥地利/法国,21世纪00年代,https://img1.doubanio.com/view/photo/s_ratio_poster/public/p1079218159.jpg
135,中央舞台 Center Stage,剧情 / 歌舞,尼古拉斯·希特纳,彼得·盖勒 / Ilia Kulik / 佐伊·索尔达娜,7991,8.2,美国,21世纪00年代,https://img9.doubanio.com/view/photo/s_ratio_poster/public/p783126245.jpg
136,香港制造,犯罪 / 剧情 / 爱情 / 喜剧,陈果,李灿森 / 严栩慈 / 李栋全,36190,8.2,中国香港,20世纪90年代,https://img3.doubanio.com/view/photo/s_ratio_poster/public/p2149644720.jpg
137,夺宝奇兵3 Indiana Jones and the Last Crusade,剧情 / 动作 / 奇幻 / 冒险,史蒂文·斯皮尔伯格,哈里森·福特 / 肖恩·康纳利 / 丹霍姆·艾略特,56965,8.2,美国/英国,20世纪80年代,https://img9.doubanio.com/view/photo/s_ratio_poster/public/p1703183716.jpg
138,离开拉斯维加斯 Leaving Las Vegas,剧情 / 爱情,迈克·菲吉斯,尼古拉斯·凯奇 / 伊丽莎白·苏 / 朱利安·山德斯,31365,8.1,美国/法国/英国,20世纪90年代,https://img1.doubanio.com/view/photo/s_ratio_poster/public/p2494188239.jpg
139,闪灵 The Shining,剧情 / 悬疑 / 恐怖,斯坦利·库布里克,杰克·尼科尔森 / 谢莉·杜瓦尔 / 丹尼·劳埃德,383393,8.3,英国/美国,20世纪80年代,https://img3.doubanio.com/view/photo/s_ratio_poster/public/p2461253191.jpg
140,马语者 The Horse Whisperer,剧情 / 爱情 / 西部,罗伯特·雷德福,罗伯特·雷德福 / 克里斯汀·斯科特·托马斯 / 斯嘉丽·约翰逊,17622,8.1,美国,20世纪90年代,https://img9.doubanio.com/view/photo/s_ratio_poster/public/p949388374.jpg
141,鲸骑士 Whale Rider,剧情 / 家庭,妮琪·卡罗,凯莎·卡斯特-休伊斯 / 拉维里·帕拉特恩 / 薇姬·浩顿,7107,8.0,新西兰/德国,21世纪00年代,https://img3.doubanio.com/view/photo/s_ratio_poster/public/p2318519841.jpg
142,怒火救援 Man on Fire,动作 / 剧情 / 惊悚,托尼·斯科特,丹泽尔·华盛顿 / 达科塔·范宁 / 拉达·米切尔,64545,8.1,美国/英国,21世纪00年代,https://img9.doubanio.com/view/photo/s_ratio_poster/public/p1673558925.jpg
143,滚滚红尘 滾滾紅塵,爱情 / 战争,严浩,林青霞 / 秦汉 / 张曼玉,42056,8.2,中国香港/中国台湾,20世纪90年代,https://img3.doubanio.com/view/photo/s_ratio_poster/public/p1281789791.jpg
144,附注：我爱你 P.S. I Love You,剧情 / 爱情,理查德·拉·格拉文斯,希拉里·斯万克 / 杰拉德·巴特勒 / 丽莎·库卓,121796,8.1,美国,21世纪00年代,https://img1.doubanio.com/view/photo/s_ratio_poster/public/p461625359.jpg
145,饥饿 Hunger,剧情 / 传记,史蒂夫·麦奎因,迈克尔·法斯宾德 / 斯图尔特·格雷厄姆 / 莱恩·梅加,14590,8.0,爱尔兰/英国,21世纪00年代,https://img9.doubanio.com/view/photo/s_ratio_poster/public/p788163635.jpg
146,乐队来访 ביקור התזמורת,剧情 / 音乐,艾伦·科勒林,塞森·加布埃 / 罗内特·艾尔卡贝兹 / 萨莱·巴克里,5725,8.1,以色列/法国/美国,21世纪00年代,https://img9.doubanio.com/view/photo/s_ratio_poster/public/p2513242444.jpg
